"Date","Price","Open","High","Low","Vol.","Change %"
"24-02-2025","3,675.60","3,743.15","3,761.25","3,671.00","2.51M","-2.92%"
"21-02-2025","3,786.00","3,776.10","3,817.00","3,775.00","1.83M","0.17%"
"20-02-2025","3,779.40","3,761.50","3,788.00","3,751.30","2.89M","-0.12%"
"19-02-2025","3,784.10","3,872.20","3,874.95","3,768.15","4.37M","-2.30%"
"18-02-2025","3,873.20","3,898.40","3,924.40","3,864.50","2.15M","-0.80%"
"17-02-2025","3,904.50","3,856.50","3,934.00","3,856.20","1.80M","-0.77%"
"14-02-2025","3,934.85","3,925.00","3,948.00","3,900.00","1.68M","0.63%"
"13-02-2025","3,910.15","3,968.00","3,984.45","3,902.25","2.28M","-1.01%"
"12-02-2025","3,950.15","3,971.10","4,021.75","3,940.15","1.68M","-0.34%"
"11-02-2025","3,963.55","4,018.40","4,040.00","3,955.00","1.81M","-1.82%"
"10-02-2025","4,036.95","4,040.00","4,052.00","4,014.35","1.34M","0.19%"
"07-02-2025","4,029.40","4,090.00","4,090.00","4,008.00","1.55M","-1.31%"
"06-02-2025","4,082.75","4,105.40","4,139.50","4,051.55","2.28M","-0.20%"
"05-02-2025","4,091.10","4,150.00","4,150.00","4,076.00","1.69M","-0.39%"
"04-02-2025","4,107.05","4,083.70","4,118.85","4,066.05","2.55M","0.94%"
"03-02-2025","4,068.65","4,030.90","4,077.00","3,998.70","1.27M","-0.11%"
"01-02-2025","4,073.15","4,113.00","4,135.90","4,056.00","437.17K","-0.95%"
"31-01-2025","4,112.40","4,110.00","4,128.45","4,085.25","1.49M","0.30%"
"30-01-2025","4,100.05","4,099.90","4,129.90","4,058.50","1.53M","0.01%"
"29-01-2025","4,099.80","4,054.00","4,107.85","4,054.00","1.22M","1.47%"
"28-01-2025","4,040.30","4,070.80","4,102.00","4,028.30","2.47M","-0.61%"
"27-01-2025","4,065.15","4,102.00","4,156.35","4,041.05","1.55M","-2.10%"
"24-01-2025","4,152.35","4,104.00","4,178.00","4,104.00","1.91M","0.17%"
"23-01-2025","4,145.45","4,168.00","4,191.35","4,140.05","1.82M","-0.27%"
"22-01-2025","4,156.60","4,050.00","4,163.15","4,044.20","2.41M","2.99%"
"21-01-2025","4,035.85","4,095.30","4,111.00","4,030.00","1.97M","-1.03%"
"20-01-2025","4,077.80","4,145.80","4,145.80","4,068.10","1.29M","-1.13%"
"17-01-2025","4,124.30","4,159.90","4,160.60","4,100.05","1.76M","-0.39%"
"16-01-2025","4,140.30","4,193.16","4,226.62","4,126.08","2.64M","-1.02%"
"15-01-2025","4,182.92","4,151.82","4,189.66","4,141.43","1.65M","0.39%"
"14-01-2025","4,166.63","4,234.50","4,246.21","4,152.85","3.44M","-1.35%"
"13-01-2025","4,223.77","4,178.39","4,255.12","4,161.07","4.00M","0.60%"
"10-01-2025","4,198.72","4,134.10","4,229.58","4,104.57","7.89M","3.96%"
"09-01-2025","4,038.85","4,101.00","4,137.75","4,025.30","2.39M","-1.69%"
"08-01-2025","4,108.40","4,034.90","4,126.00","4,017.75","2.18M","1.99%"
"07-01-2025","4,028.30","4,114.95","4,140.35","4,011.55","2.67M","-1.63%"
"06-01-2025","4,095.00","4,105.50","4,149.65","4,066.40","2.09M","-0.12%"
"03-01-2025","4,099.90","4,179.95","4,179.95","4,092.30","1.79M","-1.82%"
"02-01-2025","4,175.75","4,120.00","4,183.00","4,096.95","1.72M","1.54%"
"01-01-2025","4,112.45","4,094.40","4,134.00","4,085.45","763.16K","0.43%"
"31-12-2024","4,094.80","4,135.00","4,139.95","4,032.05","1.56M","-1.54%"
"30-12-2024","4,158.80","4,151.00","4,199.30","4,112.00","1.53M","-0.15%"
"27-12-2024","4,164.85","4,163.00","4,180.95","4,147.25","858.10K","-0.10%"
"26-12-2024","4,169.10","4,179.50","4,199.95","4,143.15","1.21M","-0.25%"
"24-12-2024","4,179.50","4,158.30","4,218.00","4,158.30","1.18M","0.51%"
"23-12-2024","4,158.30","4,200.05","4,217.00","4,114.90","2.20M","-0.29%"
"20-12-2024","4,170.30","4,329.00","4,382.00","4,152.50","4.12M","-2.38%"
"19-12-2024","4,271.90","4,282.00","4,364.00","4,262.00","3.02M","-1.75%"
"18-12-2024","4,347.85","4,311.70","4,362.00","4,289.60","1.58M","0.45%"
"17-12-2024","4,328.50","4,410.00","4,432.95","4,318.00","3.23M","-1.96%"
"16-12-2024","4,415.20","4,459.00","4,475.00","4,397.00","1.65M","-1.31%"
"13-12-2024","4,473.90","4,434.95","4,494.90","4,394.40","1.97M","0.43%"
"12-12-2024","4,454.95","4,430.05","4,485.00","4,426.00","1.91M","0.62%"
"11-12-2024","4,427.45","4,431.85","4,448.65","4,407.00","1.64M","-0.12%"
"10-12-2024","4,432.55","4,426.15","4,493.80","4,412.10","2.09M","-0.44%"
"09-12-2024","4,452.15","4,430.45","4,469.40","4,415.55","2.07M","0.15%"
"06-12-2024","4,445.50","4,453.00","4,465.00","4,412.75","1.84M","-0.42%"
"05-12-2024","4,464.05","4,400.80","4,489.00","4,360.00","3.75M","2.52%"
"04-12-2024","4,354.40","4,313.55","4,386.95","4,289.05","3.30M","1.20%"
"03-12-2024","4,302.75","4,314.35","4,325.00","4,265.45","2.01M","0.61%"
"02-12-2024","4,276.65","4,270.00","4,288.20","4,230.05","1.67M","0.14%"
"29-11-2024","4,270.85","4,220.00","4,298.70","4,195.65","2.02M","0.61%"
"28-11-2024","4,244.90","4,319.00","4,339.95","4,233.00","2.56M","-2.02%"
"27-11-2024","4,332.55","4,358.95","4,377.40","4,324.05","1.56M","-0.46%"
"26-11-2024","4,352.70","4,321.05","4,366.60","4,310.00","2.06M","0.87%"
"25-11-2024","4,315.10","4,280.00","4,328.10","4,252.20","4.05M","1.66%"
"22-11-2024","4,244.60","4,071.00","4,254.95","4,054.00","3.10M","4.22%"
"21-11-2024","4,072.85","4,044.90","4,092.45","4,024.00","2.38M","0.82%"
"19-11-2024","4,039.55","4,019.90","4,132.15","4,014.10","1.78M","0.50%"
"18-11-2024","4,019.50","4,213.00","4,213.00","3,990.20","3.31M","-3.05%"
"14-11-2024","4,145.90","4,135.00","4,160.00","4,116.45","1.83M","-0.11%"
"13-11-2024","4,150.35","4,178.10","4,196.75","4,131.05","1.10M","-1.12%"
"12-11-2024","4,197.40","4,216.00","4,218.00","4,164.35","1.59M","-0.03%"
"11-11-2024","4,198.70","4,128.20","4,234.30","4,117.65","1.41M","1.25%"
"08-11-2024","4,147.00","4,155.00","4,169.75","4,117.65","1.65M","-0.09%"
"07-11-2024","4,150.90","4,169.70","4,205.80","4,085.05","3.72M","0.27%"
"06-11-2024","4,139.65","4,003.60","4,149.80","3,975.25","3.79M","4.24%"
"05-11-2024","3,971.35","3,941.10","3,986.00","3,941.10","967.59K","0.18%"
"04-11-2024","3,964.15","3,966.30","3,991.90","3,913.25","2.27M","-0.50%"
"01-11-2024","3,984.20","3,989.85","3,998.95","3,976.05","154.90K","0.40%"
"31-10-2024","3,968.45","4,070.00","4,078.30","3,960.00","3.74M","-2.84%"
"30-10-2024","4,084.65","4,075.00","4,107.00","4,060.05","1.94M","0.23%"
"29-10-2024","4,075.25","4,095.85","4,103.50","4,060.10","1.45M","-0.38%"
"28-10-2024","4,090.85","4,068.95","4,134.00","4,051.00","1.53M","0.82%"
"25-10-2024","4,057.55","4,057.05","4,092.00","4,032.70","1.76M","0.24%"
"24-10-2024","4,047.90","4,004.00","4,079.00","4,004.00","2.68M","-0.45%"
"23-10-2024","4,066.25","3,999.60","4,113.55","3,995.15","1.97M","1.26%"
"22-10-2024","4,015.50","4,066.00","4,089.80","4,006.35","1.93M","-1.58%"
"21-10-2024","4,079.85","4,132.60","4,139.95","4,070.00","1.60M","-1.05%"
"18-10-2024","4,123.05","4,090.00","4,146.15","4,080.00","2.36M","0.34%"
"17-10-2024","4,109.00","4,112.80","4,129.95","4,092.95","2.52M","0.34%"
"16-10-2024","4,094.95","4,085.00","4,115.00","4,067.20","2.36M","-0.53%"
"15-10-2024","4,116.80","4,131.05","4,169.95","4,095.00","2.76M","-0.48%"
"14-10-2024","4,136.65","4,140.00","4,165.40","4,122.20","2.14M","-0.30%"
"11-10-2024","4,149.20","4,143.00","4,241.95","4,112.45","5.76M","-1.85%"
"10-10-2024","4,227.40","4,253.25","4,293.85","4,198.60","2.38M","-0.60%"
"09-10-2024","4,252.95","4,260.00","4,295.00","4,246.70","1.08M","-0.01%"
"08-10-2024","4,253.25","4,272.60","4,279.40","4,203.95","1.54M","-0.46%"
"07-10-2024","4,272.85","4,273.90","4,297.25","4,229.40","1.47M","0.48%"
"04-10-2024","4,252.25","4,225.00","4,298.00","4,224.05","2.97M","0.46%"
"03-10-2024","4,232.75","4,262.60","4,279.00","4,210.00","3.35M","-1.29%"
"01-10-2024","4,287.90","4,255.55","4,295.75","4,242.95","1.82M","0.45%"
"30-09-2024","4,268.50","4,286.90","4,298.75","4,260.05","2.50M","-0.93%"
"27-09-2024","4,308.70","4,335.00","4,378.00","4,300.05","3.01M","0.38%"
"26-09-2024","4,292.50","4,260.00","4,316.80","4,260.00","3.96M","0.42%"
"25-09-2024","4,274.75","4,252.35","4,289.60","4,240.00","2.71M","0.08%"
"24-09-2024","4,271.30","4,251.65","4,291.00","4,240.00","3.01M","0.07%"
"23-09-2024","4,268.50","4,300.00","4,309.40","4,253.00","1.70M","-0.38%"
"20-09-2024","4,284.90","4,316.90","4,330.70","4,227.50","5.45M","-0.26%"
"19-09-2024","4,296.15","4,390.05","4,422.20","4,281.80","2.93M","-1.15%"
"18-09-2024","4,346.15","4,497.05","4,497.05","4,321.00","2.96M","-3.54%"
"17-09-2024","4,505.65","4,513.25","4,535.80","4,466.00","1.70M","-0.17%"
"16-09-2024","4,513.25","4,527.00","4,546.05","4,494.45","1.16M","-0.21%"
"13-09-2024","4,522.60","4,530.00","4,547.00","4,505.00","1.46M","0.11%"
"12-09-2024","4,517.70","4,510.25","4,532.60","4,431.30","2.74M","0.86%"
"11-09-2024","4,479.35","4,521.45","4,549.35","4,471.25","1.33M","-0.63%"
"10-09-2024","4,507.85","4,442.45","4,539.95","4,440.45","1.39M","1.31%"
"09-09-2024","4,449.55","4,455.00","4,490.25","4,430.50","1.18M","-0.16%"
"06-09-2024","4,456.75","4,473.95","4,518.95","4,440.00","1.65M","-0.43%"
"05-09-2024","4,475.95","4,481.00","4,499.00","4,454.15","1.69M","-0.07%"
"04-09-2024","4,479.25","4,476.95","4,487.00","4,436.70","1.27M","-0.73%"
"03-09-2024","4,512.35","4,521.05","4,555.90","4,495.90","1.72M","-0.19%"
"02-09-2024","4,521.05","4,576.00","4,588.00","4,512.00","1.22M","-0.72%"
"30-08-2024","4,553.75","4,500.00","4,592.25","4,487.80","3.64M","0.93%"
"29-08-2024","4,511.80","4,460.00","4,556.00","4,460.00","2.13M","0.13%"
"28-08-2024","4,506.05","4,498.75","4,562.50","4,457.30","1.85M","0.20%"
"27-08-2024","4,497.15","4,505.00","4,510.00","4,486.80","930.70K","-0.12%"
"26-08-2024","4,502.45","4,489.00","4,552.15","4,485.00","1.84M","0.86%"
"23-08-2024","4,463.90","4,500.00","4,506.00","4,455.00","1.81M","-0.85%"
"22-08-2024","4,502.00","4,560.00","4,560.95","4,497.20","1.83M","-1.09%"
"21-08-2024","4,551.50","4,518.00","4,560.00","4,492.55","1.90M","0.62%"
"20-08-2024","4,523.30","4,505.00","4,565.00","4,500.00","2.21M","0.74%"
"19-08-2024","4,490.00","4,421.00","4,494.25","4,390.35","2.06M","1.67%"
"16-08-2024","4,416.05","4,350.00","4,427.00","4,325.10","3.46M","2.81%"
"14-08-2024","4,295.25","4,209.00","4,306.20","4,188.15","3.23M","2.34%"
"13-08-2024","4,196.95","4,213.00","4,234.00","4,183.00","1.50M","0.03%"
"12-08-2024","4,195.65","4,230.00","4,239.00","4,186.35","936.91K","-0.78%"
"09-08-2024","4,228.75","4,217.00","4,253.65","4,205.55","1.30M","1.35%"
"08-08-2024","4,172.55","4,181.00","4,232.00","4,160.00","2.44M","-0.66%"
"07-08-2024","4,200.45","4,228.00","4,244.95","4,180.30","1.24M","0.70%"
"06-08-2024","4,171.20","4,170.95","4,258.25","4,160.80","2.20M","0.39%"
"05-08-2024","4,155.05","4,239.00","4,239.00","4,110.50","2.79M","-2.99%"
"02-08-2024","4,283.05","4,365.00","4,398.00","4,270.00","2.81M","-2.59%"
"01-08-2024","4,397.10","4,399.40","4,419.30","4,365.05","2.20M","0.27%"
"31-07-2024","4,385.35","4,350.00","4,414.00","4,345.00","2.33M","0.46%"
"30-07-2024","4,365.35","4,391.10","4,398.00","4,327.30","1.80M","-0.36%"
"29-07-2024","4,381.10","4,415.00","4,431.00","4,371.00","1.75M","-0.15%"
"26-07-2024","4,387.85","4,350.00","4,422.45","4,337.05","3.55M","1.51%"
"25-07-2024","4,322.50","4,295.00","4,343.00","4,274.20","2.81M","0.38%"
"24-07-2024","4,306.25","4,287.50","4,339.10","4,268.10","1.81M","0.09%"
"23-07-2024","4,302.35","4,283.00","4,361.70","4,266.30","2.37M","0.35%"
"22-07-2024","4,287.35","4,299.95","4,319.95","4,265.00","1.90M","-0.35%"
"19-07-2024","4,302.40","4,317.40","4,358.75","4,285.25","3.90M","-0.30%"
"18-07-2024","4,315.55","4,160.00","4,325.00","4,160.00","5.61M","3.28%"
"16-07-2024","4,178.45","4,172.00","4,194.55","4,144.90","2.03M","0.22%"
"15-07-2024","4,169.20","4,235.70","4,240.00","4,157.05","4.85M","-0.35%"
"12-07-2024","4,183.95","3,980.00","4,199.95","3,971.30","13.51M","6.63%"
"11-07-2024","3,923.70","3,931.00","3,980.00","3,895.60","4.87M","0.37%"
"10-07-2024","3,909.15","3,983.70","4,003.30","3,902.00","2.67M","-1.92%"
"09-07-2024","3,985.50","3,985.00","4,006.95","3,975.10","1.31M","-0.19%"
"08-07-2024","3,993.20","4,022.00","4,031.25","3,978.05","1.76M","-0.46%"
"05-07-2024","4,011.80","4,010.00","4,026.75","3,988.00","1.67M","-0.23%"
"04-07-2024","4,020.95","3,999.85","4,047.35","3,982.10","2.52M","1.40%"
"03-07-2024","3,965.25","4,020.00","4,026.10","3,955.00","1.82M","-1.30%"
"02-07-2024","4,017.40","3,993.60","4,023.40","3,982.55","2.31M","0.99%"
"01-07-2024","3,978.20","3,884.00","4,001.70","3,884.00","2.66M","1.90%"
"28-06-2024","3,904.15","3,917.80","3,960.00","3,897.85","2.73M","-0.76%"
"27-06-2024","3,934.15","3,831.00","3,942.00","3,818.10","4.53M","2.03%"
"26-06-2024","3,855.85","3,844.50","3,866.95","3,841.00","1.64M","0.45%"
"25-06-2024","3,838.45","3,817.00","3,847.65","3,792.90","1.34M","0.57%"
"24-06-2024","3,816.80","3,808.75","3,857.00","3,791.30","1.70M","0.16%"
"21-06-2024","3,810.75","3,827.00","3,877.80","3,798.05","4.64M","0.62%"
"20-06-2024","3,787.25","3,796.00","3,809.95","3,780.05","2.85M","-0.38%"
"19-06-2024","3,801.70","3,827.65","3,833.85","3,792.95","1.51M","-0.35%"
"18-06-2024","3,815.10","3,826.05","3,842.00","3,795.05","1.77M","-0.44%"
"14-06-2024","3,832.05","3,889.00","3,889.00","3,828.00","1.86M","-1.19%"
"13-06-2024","3,878.15","3,856.80","3,890.00","3,852.00","1.93M","1.21%"
"12-06-2024","3,831.65","3,874.40","3,893.50","3,827.45","2.18M","-0.53%"
"11-06-2024","3,852.10","3,845.00","3,879.95","3,841.00","1.42M","-0.17%"
"10-06-2024","3,858.70","3,895.00","3,905.90","3,841.90","1.73M","-0.91%"
"07-06-2024","3,893.95","3,837.30","3,915.00","3,837.30","4.55M","1.66%"
"06-06-2024","3,830.40","3,781.00","3,839.90","3,741.50","4.33M","2.24%"
"05-06-2024","3,746.45","3,716.00","3,783.80","3,700.00","2.80M","0.85%"
"04-06-2024","3,715.00","3,700.00","3,745.00","3,591.50","3.40M","0.33%"
"03-06-2024","3,702.85","3,732.80","3,751.55","3,696.00","2.16M","0.87%"
"31-05-2024","3,670.95","3,740.00","3,749.80","3,653.75","10.96M","-1.74%"
"30-05-2024","3,736.10","3,777.00","3,794.40","3,715.45","2.92M","-1.78%"
"29-05-2024","3,803.65","3,848.90","3,848.90","3,800.00","1.57M","-0.94%"
"28-05-2024","3,839.90","3,858.00","3,870.00","3,830.00","1.80M","-0.19%"
"27-05-2024","3,847.05","3,855.00","3,908.35","3,841.35","1.84M","-0.06%"
"24-05-2024","3,849.50","3,878.25","3,883.80","3,844.30","1.31M","-1.13%"
"23-05-2024","3,893.45","3,840.95","3,905.00","3,825.50","2.10M","1.60%"
"22-05-2024","3,832.00","3,835.00","3,841.25","3,817.55","1.31M","0.31%"
"21-05-2024","3,820.20","3,830.60","3,844.75","3,810.05","1.91M","-0.81%"
"18-05-2024","3,851.45","3,847.00","3,861.90","3,840.00","91.07K","0.45%"
"17-05-2024","3,834.10","3,919.00","3,920.00","3,830.00","2.77M","-1.71%"
"16-05-2024","3,900.95","3,891.10","3,909.50","3,843.50","2.60M","0.53%"
"15-05-2024","3,880.40","3,904.50","3,926.95","3,875.50","1.12M","-0.53%"
"14-05-2024","3,901.20","3,936.00","3,945.80","3,892.90","1.06M","-1.18%"
"13-05-2024","3,947.80","3,884.50","3,955.00","3,870.00","931.33K","1.38%"
"10-05-2024","3,893.90","3,962.60","3,973.60","3,885.05","1.67M","-1.67%"
"09-05-2024","3,960.20","3,962.00","3,971.00","3,910.05","1.73M","-0.42%"
"08-05-2024","3,976.95","3,961.00","3,984.30","3,938.60","1.25M","-0.05%"
"07-05-2024","3,978.95","3,930.80","3,988.00","3,913.50","2.06M","1.48%"
"06-05-2024","3,921.05","3,853.00","3,939.95","3,853.00","2.05M","2.02%"
"03-05-2024","3,843.40","3,890.15","3,893.60","3,797.60","2.96M","-0.52%"
"02-05-2024","3,863.30","3,778.05","3,871.10","3,778.05","2.49M","1.12%"
"30-04-2024","3,820.65","3,872.00","3,881.75","3,810.00","2.20M","-1.28%"
"29-04-2024","3,870.20","3,838.00","3,877.80","3,819.20","1.11M","1.28%"
"26-04-2024","3,821.35","3,855.15","3,876.80","3,802.55","2.04M","-0.80%"
"25-04-2024","3,852.20","3,811.20","3,873.65","3,811.00","2.86M","0.55%"
"24-04-2024","3,831.05","3,890.00","3,898.00","3,824.45","1.32M","-1.13%"
"23-04-2024","3,874.70","3,877.05","3,895.00","3,860.60","1.81M","0.26%"
"22-04-2024","3,864.60","3,837.00","3,878.00","3,812.00","1.73M","1.00%"
"19-04-2024","3,826.20","3,838.00","3,852.55","3,800.90","2.96M","-0.93%"
"18-04-2024","3,862.00","3,876.80","3,936.00","3,850.00","3.48M","-0.28%"
"16-04-2024","3,872.80","3,902.00","3,928.70","3,862.85","3.05M","-1.74%"
"15-04-2024","3,941.20","4,001.40","4,064.20","3,919.05","4.20M","-1.50%"
"12-04-2024","4,001.40","3,971.00","4,013.35","3,945.50","4.35M","0.42%"
"10-04-2024","3,984.65","3,956.40","3,990.20","3,918.00","2.10M","0.97%"
"09-04-2024","3,946.55","3,984.00","4,015.85","3,925.05","1.88M","-0.65%"
"08-04-2024","3,972.55","3,983.00","4,032.65","3,960.00","2.30M","-0.17%"
"05-04-2024","3,979.25","3,978.00","4,002.00","3,960.50","1.64M","-0.60%"
"04-04-2024","4,003.30","3,975.90","4,028.65","3,935.25","3.39M","1.42%"
"03-04-2024","3,947.30","3,851.00","3,981.00","3,851.00","3.97M","1.63%"
"02-04-2024","3,883.80","3,890.00","3,909.85","3,873.00","2.14M","-0.84%"
"01-04-2024","3,916.75","3,897.70","3,933.30","3,888.05","1.57M","1.04%"
"28-03-2024","3,876.30","3,850.10","3,915.00","3,840.50","4.31M","0.92%"
"27-03-2024","3,840.90","3,888.50","3,895.00","3,829.40","1.97M","-0.94%"
"26-03-2024","3,877.50","3,875.00","3,946.70","3,871.45","3.44M","-0.85%"
"22-03-2024","3,910.90","3,897.00","3,938.00","3,855.00","5.85M","-1.56%"
"21-03-2024","3,972.95","3,990.05","4,008.40","3,948.00","3.83M","0.05%"
"20-03-2024","3,970.90","3,986.00","4,018.00","3,960.20","1.82M","-0.16%"
"19-03-2024","3,977.30","4,051.25","4,058.00","3,966.60","8.93M","-4.22%"
"18-03-2024","4,152.50","4,215.25","4,254.75","4,117.85","1.53M","-1.58%"
"15-03-2024","4,219.25","4,192.60","4,239.00","4,177.00","3.37M","0.28%"
"14-03-2024","4,207.60","4,153.45","4,225.00","4,086.00","2.92M","1.41%"
"13-03-2024","4,149.00","4,205.00","4,241.00","4,131.90","2.84M","-1.03%"
"12-03-2024","4,192.25","4,122.35","4,229.95","4,121.05","4.04M","1.70%"
"11-03-2024","4,122.35","4,089.00","4,153.00","4,089.00","2.30M","0.33%"
"07-03-2024","4,108.60","4,065.00","4,124.00","4,037.70","2.69M","1.09%"
"06-03-2024","4,064.30","3,994.05","4,072.00","3,958.45","1.74M","1.30%"
"05-03-2024","4,012.10","4,062.00","4,064.00","3,980.00","2.07M","-1.68%"
"04-03-2024","4,080.70","4,105.00","4,117.90","4,075.90","1.75M","-0.64%"
"02-03-2024","4,107.10","4,125.05","4,129.50","4,091.10","65.06K","0.31%"
"01-03-2024","4,094.35","4,107.20","4,140.00","4,086.80","2.04M","-0.02%"
"29-02-2024","4,095.10","4,099.00","4,138.10","4,064.55","3.77M","-0.58%"
"28-02-2024","4,118.95","4,095.60","4,154.90","4,089.00","1.94M","0.35%"
"27-02-2024","4,104.40","3,999.00","4,124.00","3,999.00","2.96M","2.58%"
"26-02-2024","4,001.05","4,036.00","4,050.00","3,982.75","1.38M","-1.26%"
"23-02-2024","4,052.10","4,130.00","4,130.00","4,046.40","2.54M","-0.86%"
"22-02-2024","4,087.10","3,971.00","4,094.95","3,971.00","2.98M","2.40%"
"21-02-2024","3,991.50","4,013.00","4,063.35","3,980.60","1.89M","-0.97%"
"20-02-2024","4,030.65","4,082.10","4,098.00","4,010.00","1.19M","-1.78%"
"19-02-2024","4,103.80","4,123.05","4,128.30","4,055.00","772.29K","-0.59%"
"16-02-2024","4,128.30","4,113.25","4,147.95","4,100.10","1.31M","0.61%"
"15-02-2024","4,103.20","4,128.00","4,146.30","4,083.00","1.09M","0.08%"
"14-02-2024","4,100.10","4,107.00","4,114.90","4,049.50","1.39M","-1.19%"
"13-02-2024","4,149.50","4,125.45","4,170.00","4,081.50","1.26M","0.70%"
"12-02-2024","4,120.70","4,130.00","4,159.60","4,105.55","1.01M","-0.31%"
"09-02-2024","4,133.70","4,136.55","4,184.75","4,100.00","2.10M","-0.01%"
"08-02-2024","4,134.10","4,090.00","4,158.00","4,086.05","2.35M","1.24%"
"07-02-2024","4,083.40","4,153.00","4,155.00","4,073.95","2.12M","-1.27%"
"06-02-2024","4,136.00","3,997.00","4,149.90","3,990.00","4.47M","4.09%"
"05-02-2024","3,973.30","3,983.00","4,022.00","3,962.10","1.69M","0.18%"
"02-02-2024","3,966.30","3,875.05","3,984.40","3,872.00","2.83M","2.91%"
"01-02-2024","3,854.15","3,820.00","3,904.90","3,805.05","2.36M","1.00%"
"31-01-2024","3,815.95","3,811.20","3,834.00","3,796.45","2.46M","0.41%"
"30-01-2024","3,800.55","3,807.45","3,847.80","3,787.00","1.41M","-0.01%"
"29-01-2024","3,801.00","3,800.80","3,820.00","3,780.85","1.65M","-0.24%"
"25-01-2024","3,810.30","3,839.90","3,861.00","3,778.70","2.21M","-0.82%"
"24-01-2024","3,841.80","3,880.00","3,883.65","3,805.60","2.66M","-0.43%"
"23-01-2024","3,858.25","3,900.00","3,933.90","3,842.75","2.62M","-0.06%"
"20-01-2024","3,860.65","3,948.00","3,955.65","3,855.55","516.48K","-2.09%"
"19-01-2024","3,943.05","3,945.00","3,963.55","3,915.05","2.94M","1.50%"
"18-01-2024","3,884.60","3,880.02","3,890.77","3,844.19","2.24M","0.46%"
"17-01-2024","3,866.68","3,801.39","3,891.92","3,794.97","3.46M","0.60%"
"16-01-2024","3,843.49","3,881.02","3,881.02","3,837.77","1.43M","-1.09%"
"15-01-2024","3,885.80","3,941.74","3,946.71","3,867.08","2.80M","0.54%"
"12-01-2024","3,864.89","3,830.25","3,887.24","3,803.98","6.81M","3.94%"
"11-01-2024","3,718.32","3,706.82","3,755.60","3,689.90","1.78M","0.61%"
"10-01-2024","3,695.93","3,672.98","3,712.05","3,670.99","1.29M","0.63%"
"09-01-2024","3,672.88","3,692.84","3,735.04","3,665.76","1.37M","0.32%"
"08-01-2024","3,661.34","3,720.66","3,722.50","3,655.46","1.07M","-1.59%"
"05-01-2024","3,720.66","3,658.05","3,730.47","3,657.90","1.96M","1.94%"
"04-01-2024","3,649.89","3,684.68","3,701.85","3,634.16","3.60M","-0.68%"
"03-01-2024","3,674.72","3,749.63","3,754.45","3,670.04","1.80M","-2.42%"
"02-01-2024","3,765.75","3,793.52","3,793.52","3,749.88","1.34M","-0.73%"
"01-01-2024","3,793.52","3,772.52","3,814.33","3,755.60","825.91K","0.47%"
"29-12-2023","3,775.91","3,774.51","3,804.97","3,748.03","1.57M","-0.17%"
"28-12-2023","3,782.38","3,806.36","3,820.30","3,774.61","1.68M","-0.30%"
"27-12-2023","3,793.62","3,781.48","3,800.59","3,750.62","1.29M","0.41%"
"26-12-2023","3,778.04","3,802.23","3,816.32","3,772.67","1.29M","-0.74%"
"22-12-2023","3,806.36","3,782.47","3,828.21","3,744.65","2.41M","0.96%"
"21-12-2023","3,770.03","3,738.93","3,789.14","3,726.09","1.52M","0.20%"
"20-12-2023","3,762.62","3,809.60","3,880.82","3,749.18","2.59M","-0.95%"
"19-12-2023","3,798.60","3,827.27","3,837.32","3,772.52","2.00M","-1.11%"
"18-12-2023","3,841.40","3,840.31","3,910.88","3,812.49","2.52M","-0.05%"
"15-12-2023","3,843.19","3,649.79","3,877.98","3,649.79","8.53M","5.28%"
"14-12-2023","3,650.34","3,613.26","3,661.04","3,610.87","3.29M","2.05%"
"13-12-2023","3,576.98","3,626.75","3,633.17","3,546.57","3.85M","-2.14%"
"12-12-2023","3,655.16","3,622.17","3,681.34","3,614.25","2.24M","0.80%"
"11-12-2023","3,626.10","3,606.19","3,636.15","3,598.33","1.10M","0.45%"
"08-12-2023","3,609.97","3,616.25","3,628.19","3,585.44","1.64M","0.33%"
"07-12-2023","3,598.23","3,588.37","3,613.81","3,575.14","1.97M","0.30%"
"06-12-2023","3,587.48","3,516.31","3,596.19","3,508.89","1.90M","2.05%"
"05-12-2023","3,515.31","3,521.68","3,521.68","3,486.65","1.38M","0.55%"
"04-12-2023","3,496.25","3,528.30","3,531.44","3,481.87","1.63M","0.02%"
"01-12-2023","3,495.45","3,483.86","3,500.73","3,473.95","1.17M","0.69%"
"30-11-2023","3,471.51","3,483.31","3,500.43","3,464.95","3.27M","-0.74%"
"29-11-2023","3,497.54","3,464.95","3,501.77","3,459.77","1.44M","1.26%"
"28-11-2023","3,454.15","3,441.16","3,465.19","3,417.17","1.69M","0.38%"
"24-11-2023","3,441.16","3,478.14","3,488.39","3,437.07","1.99M","-1.46%"
"23-11-2023","3,492.07","3,513.72","3,527.66","3,483.86","2.73M","-0.62%"
"22-11-2023","3,513.87","3,483.86","3,516.36","3,465.04","1.80M","0.57%"
"21-11-2023","3,494.01","3,503.37","3,522.73","3,484.85","1.81M","-0.27%"
"20-11-2023","3,503.37","3,475.15","3,517.60","3,475.15","1.48M","0.49%"
"17-11-2023","3,486.30","3,481.72","3,508.25","3,476.44","2.02M","0.13%"
"16-11-2023","3,481.72","3,414.23","3,513.07","3,398.45","3.95M","2.75%"
"15-11-2023","3,388.60","3,367.50","3,397.26","3,340.57","2.06M","2.18%"
"13-11-2023","3,316.19","3,340.52","3,340.52","3,311.66","1.03M","-1.27%"
"12-11-2023","3,358.90","3,350.00","3,359.00","3,350.00","173.21K","1.23%"
"10-11-2023","3,318.08","3,322.60","3,332.01","3,307.03","1.34M","-0.42%"
"09-11-2023","3,332.01","3,374.47","3,375.86","3,326.64","2.11M","-1.01%"
"08-11-2023","3,365.95","3,355.90","3,386.26","3,354.01","992.90K","0.33%"
"07-11-2023","3,354.91","3,362.42","3,388.45","3,350.48","1.19M","-0.29%"
"06-11-2023","3,364.66","3,359.44","3,376.66","3,343.51","1.10M","0.88%"
"03-11-2023","3,335.45","3,366.40","3,372.27","3,328.88","1.40M","-0.27%"
"02-11-2023","3,344.60","3,327.78","3,360.38","3,327.78","1.25M","0.88%"
"01-11-2023","3,315.29","3,339.53","3,356.05","3,295.73","1.56M","-1.13%"
"31-10-2023","3,353.21","3,383.32","3,383.32","3,334.60","999.81K","-0.29%"
"30-10-2023","3,362.97","3,334.55","3,367.25","3,318.38","910.97K","0.82%"
"27-10-2023","3,335.50","3,334.55","3,346.49","3,321.61","1.11M","0.43%"
"26-10-2023","3,321.36","3,352.52","3,358.14","3,314.64","1.98M","-1.57%"
"25-10-2023","3,374.47","3,374.86","3,409.20","3,361.62","1.52M","-0.59%"
"23-10-2023","3,394.42","3,456.98","3,462.91","3,385.61","1.11M","-2.42%"
"20-10-2023","3,478.43","3,434.49","3,483.36","3,428.17","1.48M","1.13%"
"19-10-2023","3,439.71","3,453.50","3,460.81","3,435.98","1.51M","-0.91%"
"18-10-2023","3,471.17","3,494.81","3,506.45","3,467.93","1.41M","-0.56%"
"17-10-2023","3,490.88","3,513.72","3,517.85","3,487.19","1.67M","-0.48%"
"16-10-2023","3,507.80","3,549.55","3,558.16","3,502.87","1.67M","-1.31%"
"13-10-2023","3,554.38","3,513.72","3,560.50","3,508.74","2.89M","0.80%"
"12-10-2023","3,526.21","3,558.51","3,572.10","3,521.78","4.24M","-1.87%"
"11-10-2023","3,593.25","3,633.17","3,633.17","3,588.37","2.43M","-0.52%"
"10-10-2023","3,612.16","3,623.26","3,631.18","3,584.74","1.85M","-0.26%"
"09-10-2023","3,621.57","3,628.24","3,662.03","3,614.25","4.23M","0.47%"
"06-10-2023","3,604.70","3,574.44","3,618.19","3,558.56","2.08M","0.89%"
"05-10-2023","3,572.80","3,537.61","3,607.29","3,534.82","2.99M","1.46%"
"04-10-2023","3,521.43","3,470.22","3,531.64","3,461.26","1.79M","0.68%"
"03-10-2023","3,497.64","3,517.90","3,517.90","3,464.05","1.95M","-0.42%"
"29-09-2023","3,512.33","3,520.89","3,551.99","3,489.38","2.24M","-0.23%"
"28-09-2023","3,520.44","3,583.40","3,586.18","3,511.08","1.76M","-1.46%"
"27-09-2023","3,572.75","3,573.44","3,597.33","3,539.30","1.54M","0.10%"
"26-09-2023","3,569.16","3,551.15","3,578.37","3,519.69","1.73M","0.24%"
"25-09-2023","3,560.65","3,585.89","3,603.30","3,542.24","1.24M","-0.74%"
"22-09-2023","3,587.03","3,567.47","3,616.99","3,548.61","1.99M","0.51%"
"21-09-2023","3,568.76","3,572.00","3,588.37","3,511.73","2.00M","-0.58%"
"20-09-2023","3,589.42","3,563.49","3,608.28","3,563.49","1.65M","0.00%"
"18-09-2023","3,589.52","3,563.54","3,602.61","3,558.76","1.40M","0.22%"
"15-09-2023","3,581.71","3,551.40","3,590.71","3,546.02","2.95M","1.07%"
"14-09-2023","3,543.63","3,553.58","3,581.11","3,529.25","2.60M","-0.22%"
"13-09-2023","3,551.40","3,554.63","3,572.30","3,528.65","1.75M","-0.36%"
"12-09-2023","3,564.28","3,475.90","3,573.34","3,466.94","4.48M","2.88%"
"11-09-2023","3,464.60","3,446.03","3,469.62","3,429.11","1.78M","1.13%"
"08-09-2023","3,426.03","3,439.31","3,449.02","3,419.21","1.52M","-0.39%"
"07-09-2023","3,439.31","3,414.98","3,444.04","3,406.52","1.89M","0.74%"
"06-09-2023","3,414.08","3,418.16","3,428.02","3,382.43","1.31M","0.02%"
"05-09-2023","3,413.53","3,404.23","3,431.10","3,389.45","1.50M","0.32%"
"04-09-2023","3,402.73","3,362.42","3,417.02","3,354.51","1.83M","1.16%"
"01-09-2023","3,363.61","3,350.48","3,373.37","3,341.32","1.28M","0.67%"
"31-08-2023","3,341.32","3,385.31","3,401.64","3,328.23","3.42M","-1.01%"
"30-08-2023","3,375.31","3,382.33","3,392.38","3,367.45","1.19M","0.44%"
"29-08-2023","3,360.58","3,365.46","3,373.92","3,349.48","944.52K","0.02%"
"28-08-2023","3,359.98","3,378.35","3,378.35","3,344.60","1.04M","-0.17%"
"25-08-2023","3,365.71","3,359.44","3,370.19","3,334.80","1.16M","-0.19%"
"24-08-2023","3,372.13","3,392.28","3,397.31","3,362.52","1.15M","-0.31%"
"23-08-2023","3,382.58","3,372.38","3,386.31","3,360.43","1.33M","0.48%"
"22-08-2023","3,366.55","3,384.32","3,395.27","3,349.53","1.22M","-0.57%"
"21-08-2023","3,385.96","3,359.44","3,394.02","3,356.45","1.38M","1.03%"
"18-08-2023","3,351.57","3,394.27","3,394.27","3,341.02","2.53M","-2.00%"
"17-08-2023","3,419.90","3,439.07","3,444.84","3,397.46","1.84M","-0.65%"
"16-08-2023","3,442.45","3,434.09","3,450.01","3,419.36","1.33M","0.25%"
"14-08-2023","3,433.94","3,424.83","3,439.07","3,395.27","1.19M","0.03%"
"11-08-2023","3,432.89","3,422.24","3,450.66","3,398.25","1.68M","0.19%"
"10-08-2023","3,426.23","3,434.09","3,448.92","3,414.23","1.10M","-0.59%"
"09-08-2023","3,446.53","3,448.92","3,451.01","3,409.25","1.79M","-0.23%"
"08-08-2023","3,454.59","3,467.98","3,473.85","3,440.66","1.63M","-0.39%"
"07-08-2023","3,467.98","3,438.02","3,471.91","3,425.38","1.85M","1.18%"
"04-08-2023","3,427.67","3,385.56","3,454.99","3,385.56","2.25M","1.28%"
"03-08-2023","3,384.27","3,404.23","3,417.42","3,352.47","2.03M","-1.18%"
"02-08-2023","3,424.78","3,419.11","3,430.50","3,397.86","1.91M","-0.33%"
"01-08-2023","3,436.13","3,399.25","3,444.04","3,399.25","1.96M","0.89%"
"31-07-2023","3,405.67","3,348.88","3,410.85","3,345.40","2.74M","1.97%"
"28-07-2023","3,339.93","3,369.39","3,378.05","3,315.64","2.60M","-1.22%"
"27-07-2023","3,381.23","3,379.29","3,395.92","3,369.44","1.70M","0.25%"
"26-07-2023","3,372.67","3,384.67","3,405.07","3,369.39","1.07M","-0.32%"
"25-07-2023","3,383.47","3,381.83","3,391.09","3,364.61","1.27M","0.13%"
"24-07-2023","3,379.09","3,365.41","3,397.71","3,356.55","1.68M","0.79%"
"21-07-2023","3,352.76","3,388.35","3,419.06","3,343.56","3.77M","-2.74%"
"20-07-2023","3,447.33","3,437.17","3,462.85","3,420.20","1.72M","-0.19%"
"19-07-2023","3,454.05","3,483.86","3,500.63","3,429.76","2.41M","-0.77%"
"18-07-2023","3,480.72","3,459.97","3,507.75","3,449.02","2.60M","0.15%"
"17-07-2023","3,475.60","3,493.81","3,533.53","3,461.01","2.74M","-0.65%"
"14-07-2023","3,498.44","3,349.48","3,508.59","3,336.54","6.31M","5.21%"
"13-07-2023","3,325.14","3,268.85","3,351.92","3,257.66","4.59M","2.47%"
"12-07-2023","3,244.86","3,265.82","3,273.98","3,235.11","1.52M","-0.38%"
"11-07-2023","3,257.31","3,279.80","3,279.80","3,245.76","1.11M","0.01%"
"10-07-2023","3,256.86","3,309.42","3,309.42","3,250.14","1.41M","-1.72%"
"07-07-2023","3,313.90","3,286.77","3,341.42","3,286.77","1.79M","0.19%"
"06-07-2023","3,307.57","3,291.30","3,313.10","3,286.77","1.85M","0.09%"
"05-07-2023","3,304.64","3,304.69","3,313.65","3,289.76","1.45M","0.34%"
"04-07-2023","3,293.59","3,274.83","3,299.71","3,262.19","1.66M","1.12%"
"03-07-2023","3,257.21","3,299.01","3,303.49","3,253.68","1.69M","-0.91%"
"30-06-2023","3,287.02","3,205.15","3,294.73","3,199.28","2.67M","2.70%"
"28-06-2023","3,200.62","3,193.21","3,216.05","3,178.67","1.58M","0.57%"
"27-06-2023","3,182.60","3,187.23","3,194.85","3,167.62","863.54K","0.24%"
"26-06-2023","3,174.94","3,190.22","3,199.08","3,158.37","1.98M","-0.83%"
"23-06-2023","3,201.52","3,222.37","3,234.41","3,194.35","1.12M","-0.68%"
"22-06-2023","3,223.56","3,244.97","3,252.58","3,215.20","1.53M","-0.60%"
"21-06-2023","3,243.17","3,235.01","3,246.36","3,209.08","1.65M","0.94%"
"20-06-2023","3,212.81","3,199.18","3,217.59","3,186.29","1.53M","0.54%"
"19-06-2023","3,195.59","3,175.29","3,200.07","3,160.36","1.47M","1.12%"
"16-06-2023","3,160.26","3,182.25","3,184.64","3,141.45","4.16M","-1.29%"
"15-06-2023","3,201.47","3,230.33","3,232.47","3,195.20","2.27M","-1.07%"
"14-06-2023","3,236.06","3,228.74","3,240.83","3,210.97","1.66M","0.23%"
"13-06-2023","3,228.74","3,244.97","3,249.94","3,224.06","1.37M","-0.10%"
"12-06-2023","3,231.93","3,200.17","3,239.39","3,196.19","2.32M","1.17%"
"09-06-2023","3,194.50","3,230.03","3,235.01","3,190.57","1.78M","-0.84%"
"08-06-2023","3,221.52","3,245.96","3,254.92","3,218.09","1.76M","-1.17%"
"07-06-2023","3,259.80","3,238.00","3,263.73","3,226.05","1.57M","1.32%"
"06-06-2023","3,217.39","3,264.87","3,273.68","3,205.75","2.02M","-1.72%"
"05-06-2023","3,273.73","3,299.71","3,311.66","3,269.90","1.86M","-0.51%"
"02-06-2023","3,290.35","3,310.91","3,320.51","3,282.24","2.03M","-0.55%"
"01-06-2023","3,308.67","3,298.72","3,324.60","3,282.29","1.18M","1.05%"
"31-05-2023","3,274.33","3,293.74","3,312.35","3,250.09","5.82M","-0.81%"
"30-05-2023","3,300.91","3,299.71","3,311.61","3,286.12","1.34M","-0.12%"
"29-05-2023","3,305.04","3,345.30","3,356.45","3,296.73","1.21M","-0.26%"
"26-05-2023","3,313.55","3,278.31","3,323.25","3,275.82","1.79M","1.07%"
"25-05-2023","3,278.31","3,278.81","3,290.75","3,252.03","1.37M","-0.30%"
"24-05-2023","3,288.11","3,260.89","3,301.90","3,260.89","1.02M","0.19%"
"23-05-2023","3,281.84","3,290.75","3,312.60","3,274.93","1.69M","-0.05%"
"22-05-2023","3,283.49","3,215.10","3,293.19","3,202.21","1.33M","2.35%"
"19-05-2023","3,207.99","3,195.20","3,219.58","3,188.28","1.15M","0.72%"
"18-05-2023","3,185.09","3,211.07","3,214.06","3,180.26","1.37M","-0.28%"
"17-05-2023","3,193.90","3,240.93","3,264.87","3,183.50","1.59M","-1.52%"
"16-05-2023","3,243.12","3,241.18","3,269.85","3,235.46","986.31K","0.10%"
"15-05-2023","3,240.04","3,268.85","3,276.82","3,233.37","1.15M","-0.59%"
"12-05-2023","3,259.20","3,264.03","3,274.83","3,244.97","1.03M","-0.24%"
"11-05-2023","3,267.01","3,293.74","3,294.44","3,256.91","1.72M","-0.14%"
"10-05-2023","3,271.64","3,274.83","3,291.25","3,250.99","1.56M","0.11%"
"09-05-2023","3,268.11","3,237.60","3,282.79","3,231.03","1.11M","1.00%"
"08-05-2023","3,235.61","3,230.03","3,239.84","3,216.40","928.24K","0.62%"
"05-05-2023","3,215.80","3,205.15","3,229.04","3,195.25","1.71M","0.31%"
"04-05-2023","3,205.85","3,165.48","3,209.58","3,163.34","1.95M","1.28%"
"03-05-2023","3,165.23","3,201.17","3,201.17","3,158.51","2.47M","-1.23%"
"02-05-2023","3,204.55","3,220.08","3,220.08","3,195.20","2.32M","0.00%"
"28-04-2023","3,204.40","3,185.64","3,212.37","3,181.51","2.93M","0.98%"
"27-04-2023","3,173.25","3,170.31","3,184.45","3,156.03","2.43M","-0.32%"
"26-04-2023","3,183.40","3,166.33","3,193.60","3,166.33","2.00M","0.70%"
"25-04-2023","3,161.35","3,168.32","3,176.48","3,132.98","2.02M","0.04%"
"24-04-2023","3,160.16","3,136.57","3,166.28","3,111.73","1.64M","0.44%"
"21-04-2023","3,146.27","3,095.66","3,149.86","3,086.50","1.93M","1.81%"
"20-04-2023","3,090.48","3,075.75","3,098.64","3,063.80","2.42M","0.49%"
"19-04-2023","3,075.35","3,116.31","3,125.52","3,057.33","3.30M","-1.31%"
"18-04-2023","3,116.31","3,140.40","3,142.29","3,096.25","2.62M","-0.28%"
"17-04-2023","3,125.02","3,119.65","3,148.81","3,056.09","5.51M","-1.55%"
"13-04-2023","3,174.14","3,195.20","3,215.10","3,165.33","4.17M","-1.63%"
"12-04-2023","3,226.70","3,213.06","3,245.91","3,184.25","2.42M","0.87%"
"11-04-2023","3,198.98","3,248.95","3,257.85","3,177.43","2.35M","-1.52%"
"10-04-2023","3,248.35","3,205.15","3,256.91","3,200.17","2.20M","1.33%"
"06-04-2023","3,205.85","3,210.13","3,242.33","3,200.17","1.70M","-0.59%"
"05-04-2023","3,224.86","3,170.81","3,249.29","3,170.81","2.66M","1.24%"
"03-04-2023","3,185.24","3,210.08","3,210.08","3,159.11","1.52M","-0.18%"
"31-03-2023","3,191.11","3,175.24","3,198.18","3,137.46","2.38M","2.13%"
"29-03-2023","3,124.42","3,114.57","3,135.47","3,089.78","1.74M","0.74%"
"28-03-2023","3,101.53","3,112.58","3,135.02","3,095.81","1.30M","-0.20%"
"27-03-2023","3,107.90","3,120.54","3,138.21","3,091.68","1.52M","0.06%"
"24-03-2023","3,106.11","3,134.38","3,155.38","3,091.68","1.33M","-0.13%"
"23-03-2023","3,110.24","3,100.53","3,131.84","3,086.70","1.37M","-0.20%"
"22-03-2023","3,116.36","3,115.61","3,129.00","3,091.77","1.12M","0.80%"
"21-03-2023","3,091.77","3,128.80","3,142.19","3,083.17","1.82M","-1.18%"
"20-03-2023","3,128.80","3,155.03","3,155.03","3,080.78","2.29M","-1.13%"
"17-03-2023","3,164.64","3,135.97","3,206.54","3,129.50","6.74M","-0.18%"
"16-03-2023","3,170.31","3,193.21","3,204.95","3,157.37","1.90M","-0.43%"
"15-03-2023","3,184.15","3,235.01","3,245.31","3,177.28","1.78M","-0.50%"
"14-03-2023","3,200.12","3,264.87","3,289.16","3,194.60","2.67M","-2.04%"
"13-03-2023","3,266.81","3,317.63","3,354.26","3,256.91","1.90M","-1.47%"
"10-03-2023","3,315.64","3,297.62","3,321.86","3,274.83","1.02M","-0.18%"
"09-03-2023","3,321.46","3,369.39","3,369.39","3,315.49","1.65M","-1.58%"
"08-03-2023","3,374.76","3,348.49","3,380.34","3,315.49","1.84M","0.55%"
"06-03-2023","3,356.30","3,346.40","3,389.25","3,343.51","1.33M","0.89%"
"03-03-2023","3,326.74","3,338.53","3,342.51","3,315.74","1.04M","0.62%"
"02-03-2023","3,306.13","3,345.50","3,354.36","3,302.70","1.56M","-1.90%"
"01-03-2023","3,370.08","3,307.67","3,373.37","3,299.71","1.67M","2.20%"
"28-02-2023","3,297.57","3,313.15","3,376.36","3,284.68","4.12M","-0.57%"
"27-02-2023","3,316.48","3,374.36","3,374.36","3,300.71","1.13M","-2.02%"
"24-02-2023","3,384.77","3,406.72","3,418.11","3,366.70","977.59K","-0.39%"
"23-02-2023","3,398.06","3,405.22","3,436.48","3,392.28","1.44M","0.36%"
"22-02-2023","3,385.86","3,399.20","3,431.10","3,379.34","1.22M","-1.43%"
"21-02-2023","3,435.08","3,477.89","3,492.72","3,428.86","1.14M","-1.04%"
"20-02-2023","3,471.22","3,485.85","3,505.76","3,459.02","1.30M","-0.40%"
"17-02-2023","3,485.00","3,509.89","3,522.58","3,473.90","1.06M","-1.60%"
"16-02-2023","3,541.64","3,510.93","3,558.51","3,510.73","1.62M","1.06%"
"15-02-2023","3,504.41","3,470.92","3,509.74","3,444.19","1.43M","0.59%"
"14-02-2023","3,483.96","3,488.83","3,508.59","3,478.88","1.58M","0.51%"
"13-02-2023","3,466.34","3,532.63","3,532.63","3,457.38","1.09M","-1.56%"
"10-02-2023","3,521.24","3,503.77","3,526.01","3,491.97","1.19M","-0.09%"
"09-02-2023","3,524.52","3,498.79","3,531.24","3,489.13","1.66M","0.59%"
"08-02-2023","3,503.86","3,462.01","3,523.57","3,462.01","1.99M","1.37%"
"07-02-2023","3,456.53","3,452.90","3,476.89","3,445.44","1.46M","0.36%"
"06-02-2023","3,443.99","3,457.13","3,457.13","3,421.00","1.14M","-0.64%"
"03-02-2023","3,466.24","3,487.84","3,487.84","3,436.98","1.80M","0.63%"
"02-02-2023","3,444.44","3,411.20","3,453.00","3,404.33","1.81M","1.53%"
"01-02-2023","3,392.63","3,347.49","3,403.23","3,339.53","2.21M","1.48%"
"31-01-2023","3,343.21","3,433.09","3,433.09","3,335.54","2.82M","-2.18%"
"30-01-2023","3,417.81","3,404.23","3,442.50","3,369.94","1.95M","0.66%"
"27-01-2023","3,395.32","3,410.20","3,430.11","3,366.70","1.79M","-0.55%"
"25-01-2023","3,413.93","3,409.50","3,419.16","3,389.30","874.11K","-0.19%"
"24-01-2023","3,420.45","3,409.20","3,436.03","3,401.54","1.39M","0.63%"
"23-01-2023","3,399.15","3,372.38","3,403.23","3,340.12","1.07M","1.54%"
"20-01-2023","3,347.59","3,349.48","3,378.99","3,340.12","1.53M","-0.30%"
"19-01-2023","3,357.54","3,364.41","3,371.38","3,345.50","1.59M","-0.50%"
"18-01-2023","3,374.36","3,364.41","3,393.23","3,356.70","2.42M","0.34%"
"17-01-2023","3,362.82","3,314.64","3,366.20","3,305.68","1.69M","1.33%"
"16-01-2023","3,318.67","3,301.70","3,337.54","3,282.84","1.84M","0.80%"
"13-01-2023","3,292.30","3,261.42","3,296.64","3,224.44","1.74M","1.21%"
"12-01-2023","3,253.08","3,247.86","3,268.35","3,234.74","2.25M","0.17%"
"11-01-2023","3,247.56","3,209.91","3,267.86","3,191.42","2.72M","1.29%"
"10-01-2023","3,206.30","3,204.93","3,217.61","3,151.37","3.86M","-1.01%"
"09-01-2023","3,239.03","3,150.29","3,245.91","3,142.64","2.89M","3.38%"
"06-01-2023","3,133.27","3,219.56","3,221.08","3,122.00","2.49M","-3.01%"
"05-01-2023","3,230.39","3,249.03","3,255.96","3,201.95","1.83M","-0.11%"
"04-01-2023","3,233.86","3,226.10","3,246.25","3,206.10","1.23M","0.10%"
"03-01-2023","3,230.64","3,172.73","3,239.08","3,166.20","1.25M","1.53%"
"02-01-2023","3,181.95","3,181.51","3,187.22","3,156.34","709.55K","0.15%"
"30-12-2022","3,177.32","3,205.95","3,218.59","3,167.08","1.16M","-0.37%"
"29-12-2022","3,189.08","3,152.34","3,191.76","3,149.32","1.04M","0.36%"
"28-12-2022","3,177.71","3,170.59","3,186.49","3,147.37","910.80K","-0.07%"
"27-12-2022","3,180.05","3,189.51","3,194.00","3,152.73","835.88K","0.20%"
"26-12-2022","3,173.61","3,149.66","3,192.25","3,146.44","870.16K","0.76%"
"23-12-2022","3,149.66","3,138.59","3,187.22","3,138.59","1.36M","-0.96%"
"22-12-2022","3,180.25","3,213.71","3,213.71","3,166.00","1.38M","-0.27%"
"21-12-2022","3,188.88","3,169.81","3,203.03","3,161.03","1.43M","0.76%"
"20-12-2022","3,164.88","3,120.93","3,169.81","3,086.54","1.53M","1.31%"
"19-12-2022","3,124.00","3,148.34","3,166.39","3,116.64","2.12M","-1.18%"
"16-12-2022","3,161.27","3,195.17","3,211.76","3,146.59","2.70M","-1.96%"
"15-12-2022","3,224.54","3,276.93","3,282.74","3,218.54","1.42M","-1.79%"
"14-12-2022","3,283.32","3,267.18","3,294.69","3,259.47","1.21M","1.00%"
"13-12-2022","3,250.88","3,197.32","3,255.13","3,188.15","1.38M","1.39%"
"12-12-2022","3,206.34","3,176.15","3,215.66","3,157.22","1.53M","-0.19%"
"09-12-2022","3,212.49","3,291.86","3,291.86","3,196.49","1.80M","-1.73%"
"08-12-2022","3,268.88","3,278.10","3,298.20","3,258.05","1.29M","-0.89%"
"07-12-2022","3,298.20","3,286.20","3,310.98","3,272.25","1.17M","-0.14%"
"06-12-2022","3,302.83","3,317.18","3,324.88","3,285.91","1.17M","-1.18%"
"05-12-2022","3,342.40","3,349.32","3,355.32","3,323.96","1.48M","-0.39%"
"02-12-2022","3,355.32","3,373.81","3,384.35","3,329.81","2.41M","-1.05%"
"01-12-2022","3,390.93","3,341.52","3,395.18","3,336.64","2.18M","2.50%"
"30-11-2022","3,308.15","3,300.54","3,331.66","3,292.74","3.41M","-0.19%"
"29-11-2022","3,314.54","3,300.54","3,345.42","3,300.54","1.58M","0.06%"
"28-11-2022","3,312.49","3,283.96","3,333.71","3,283.52","2.20M","0.17%"
"25-11-2022","3,307.03","3,300.54","3,320.40","3,266.39","1.59M","0.28%"
"24-11-2022","3,297.76","3,235.42","3,310.25","3,227.66","1.30M","2.17%"
"23-11-2022","3,227.66","3,248.83","3,248.83","3,210.78","1.15M","-0.20%"
"22-11-2022","3,234.15","3,200.05","3,238.05","3,175.91","1.15M","0.96%"
"21-11-2022","3,203.47","3,241.52","3,252.44","3,193.22","1.30M","-1.79%"
"18-11-2022","3,261.96","3,268.35","3,280.78","3,240.05","1.16M","-0.17%"
"17-11-2022","3,267.37","3,258.59","3,278.10","3,236.88","1.42M","-0.19%"
"16-11-2022","3,273.56","3,257.52","3,285.81","3,240.49","1.75M","0.68%"
"15-11-2022","3,251.37","3,240.05","3,258.54","3,211.76","1.40M","-0.09%"
"14-11-2022","3,254.20","3,242.98","3,267.37","3,228.34","1.34M","0.59%"
"11-11-2022","3,235.13","3,189.91","3,260.15","3,175.71","3.27M","3.44%"
"10-11-2022","3,127.51","3,092.73","3,146.39","3,092.73","1.57M","-0.32%"
"09-11-2022","3,137.66","3,170.59","3,170.59","3,123.61","1.16M","-0.55%"
"07-11-2022","3,154.88","3,150.29","3,163.76","3,117.22","1.47M","0.51%"
"04-11-2022","3,138.98","3,138.59","3,141.56","3,088.98","1.46M","0.33%"
"03-11-2022","3,128.59","3,149.37","3,149.37","3,117.12","1.42M","-1.08%"
"02-11-2022","3,162.69","3,190.30","3,190.30","3,143.51","1.41M","-0.55%"
"01-11-2022","3,180.25","3,136.15","3,183.08","3,125.37","2.99M","2.08%"
"31-10-2022","3,115.32","3,121.03","3,121.03","3,100.34","1.92M","0.95%"
"28-10-2022","3,086.15","3,073.22","3,101.03","3,068.34","1.36M","0.19%"
"27-10-2022","3,080.44","3,083.66","3,096.64","3,057.95","2.44M","-0.15%"
"25-10-2022","3,085.03","3,102.98","3,106.64","3,074.34","2.07M","0.01%"
"24-10-2022","3,084.64","3,092.83","3,100.54","3,078.10","260.95K","0.77%"
"21-10-2022","3,060.93","3,080.83","3,083.37","3,050.78","1.02M","-0.63%"
"20-10-2022","3,080.34","3,029.32","3,082.98","3,029.32","1.59M","1.14%"
"19-10-2022","3,045.76","3,082.00","3,082.00","3,036.15","1.19M","-0.73%"
"18-10-2022","3,068.05","3,073.22","3,078.44","3,052.29","1.79M","1.06%"
"17-10-2022","3,035.90","2,997.76","3,052.15","2,996.58","1.52M","0.41%"
"14-10-2022","3,023.61","3,068.34","3,073.22","2,996.15","2.25M","-0.13%"
"13-10-2022","3,027.66","3,025.17","3,034.20","2,977.95","2.05M","0.08%"
"12-10-2022","3,025.17","3,009.71","3,034.10","2,987.41","1.67M","1.02%"
"11-10-2022","2,994.73","3,024.44","3,068.34","2,978.93","4.73M","-1.57%"
"10-10-2022","3,042.54","2,936.63","3,050.78","2,931.75","3.06M","1.75%"
"07-10-2022","2,990.20","3,021.90","3,029.32","2,983.56","1.94M","-1.19%"
"06-10-2022","3,026.34","3,035.17","3,047.85","3,017.07","1.79M","0.35%"
"04-10-2022","3,015.80","2,956.10","3,022.49","2,949.32","2.15M","3.56%"
"03-10-2022","2,912.19","2,922.00","2,947.07","2,901.51","1.76M","-0.65%"
"30-09-2022","2,931.32","2,917.95","2,946.10","2,878.19","2.82M","0.24%"
"29-09-2022","2,924.24","2,979.56","2,981.36","2,917.12","2.49M","-1.26%"
"28-09-2022","2,961.66","2,907.36","2,975.61","2,907.36","2.74M","0.60%"
"27-09-2022","2,943.90","2,936.05","2,951.27","2,903.46","2.23M","0.77%"
"26-09-2022","2,921.41","2,887.71","2,952.10","2,854.78","2.93M","0.41%"
"23-09-2022","2,909.36","2,930.78","2,948.83","2,906.39","2.65M","-0.84%"
"22-09-2022","2,934.10","2,917.12","2,956.10","2,906.68","2.02M","0.21%"
"21-09-2022","2,928.05","2,954.19","2,967.27","2,925.07","2.25M","-1.29%"
"20-09-2022","2,966.19","2,975.66","3,004.88","2,956.15","1.54M","0.38%"
"19-09-2022","2,954.98","2,962.00","2,967.85","2,914.97","2.07M","0.67%"
"16-09-2022","2,935.36","3,001.02","3,018.93","2,926.88","5.32M","-3.08%"
"15-09-2022","3,028.68","3,053.71","3,061.27","3,024.44","2.14M","-0.51%"
"14-09-2022","3,044.34","3,058.59","3,064.83","3,037.90","5.09M","-3.37%"
"13-09-2022","3,150.64","3,183.91","3,183.91","3,146.39","1.97M","-0.42%"
"12-09-2022","3,163.91","3,160.93","3,190.10","3,146.39","1.79M","0.79%"
"09-09-2022","3,139.22","3,117.12","3,154.69","3,091.27","1.56M","1.51%"
"08-09-2022","3,092.39","3,092.73","3,105.90","3,083.07","1.35M","0.64%"
"07-09-2022","3,072.83","3,026.39","3,084.83","3,026.39","1.29M","0.72%"
"06-09-2022","3,050.83","3,059.07","3,064.29","3,030.63","1.94M","-0.20%"
"05-09-2022","3,057.02","3,047.51","3,071.22","3,036.39","2.15M","0.10%"
"02-09-2022","3,054.10","3,085.90","3,085.90","3,044.24","2.05M","-0.04%"
"01-09-2022","3,055.37","3,112.25","3,112.25","3,044.93","3.55M","-2.47%"
"30-08-2022","3,132.88","3,078.10","3,147.86","3,065.51","3.43M","2.51%"
"29-08-2022","3,056.20","3,048.83","3,066.10","3,005.90","2.54M","-2.78%"
"26-08-2022","3,143.66","3,155.47","3,177.61","3,138.39","1.46M","0.12%"
"25-08-2022","3,139.76","3,196.15","3,198.25","3,136.39","1.95M","-1.14%"
"24-08-2022","3,176.00","3,211.76","3,227.37","3,170.98","1.69M","-0.89%"
"23-08-2022","3,204.54","3,239.03","3,260.44","3,190.30","1.85M","-2.09%"
"22-08-2022","3,272.78","3,282.98","3,301.61","3,265.81","1.54M","-0.92%"
"19-08-2022","3,303.22","3,304.44","3,338.10","3,289.08","1.40M","0.13%"
"18-08-2022","3,298.83","3,307.37","3,309.32","3,280.05","1.43M","-0.58%"
"17-08-2022","3,318.20","3,302.59","3,334.64","3,288.93","1.62M","0.25%"
"16-08-2022","3,310.00","3,327.86","3,331.61","3,304.93","839.94K","-0.26%"
"12-08-2022","3,318.64","3,335.66","3,335.66","3,298.83","1.47M","-0.61%"
"11-08-2022","3,339.08","3,317.13","3,345.13","3,292.78","1.45M","2.03%"
"10-08-2022","3,272.49","3,302.49","3,302.49","3,253.71","1.88M","-0.60%"
"08-08-2022","3,292.20","3,282.98","3,296.54","3,254.69","1.07M","0.28%"
"05-08-2022","3,283.03","3,279.27","3,294.69","3,273.22","1.11M","0.30%"
"04-08-2022","3,273.18","3,268.35","3,305.32","3,226.74","2.15M","0.46%"
"03-08-2022","3,258.10","3,200.05","3,267.37","3,197.17","2.90M","1.45%"
"02-08-2022","3,211.56","3,209.81","3,232.15","3,191.91","1.27M","-0.21%"
"01-08-2022","3,218.39","3,245.91","3,245.91","3,191.27","1.31M","-0.09%"
"29-07-2022","3,221.42","3,209.81","3,236.44","3,195.17","2.43M","1.27%"
"28-07-2022","3,181.03","3,137.61","3,184.44","3,123.61","2.11M","2.25%"
"27-07-2022","3,111.12","3,039.07","3,116.25","3,034.20","1.39M","2.34%"
"26-07-2022","3,039.95","3,087.56","3,091.66","3,021.02","2.64M","-1.61%"
"25-07-2022","3,089.56","3,087.85","3,108.78","3,072.34","1.80M","-0.13%"
"22-07-2022","3,093.71","3,107.37","3,119.07","3,066.88","2.08M","-0.20%"
"21-07-2022","3,099.85","3,089.81","3,106.39","3,067.42","2.42M","0.39%"
"20-07-2022","3,087.66","3,032.05","3,094.64","3,022.54","3.40M","2.95%"
"19-07-2022","2,999.32","2,956.19","3,003.90","2,956.19","1.87M","0.35%"
"18-07-2022","2,988.83","2,949.32","3,001.95","2,940.83","3.20M","2.30%"
"15-07-2022","2,921.61","2,944.98","2,955.07","2,881.02","4.57M","-0.14%"
"14-07-2022","2,925.66","2,981.51","2,982.49","2,894.68","4.76M","-1.32%"
"13-07-2022","2,964.68","3,028.34","3,034.20","2,961.02","3.86M","-1.49%"
"12-07-2022","3,009.51","3,038.98","3,059.76","3,005.17","3.73M","-0.93%"
"11-07-2022","3,037.90","3,128.00","3,146.39","3,030.29","6.97M","-4.64%"
"08-07-2022","3,185.86","3,219.56","3,224.44","3,170.78","2.14M","-0.68%"
"07-07-2022","3,207.71","3,191.27","3,238.49","3,185.47","1.99M","0.83%"
"06-07-2022","3,181.27","3,140.05","3,188.83","3,124.20","2.18M","1.38%"
"05-07-2022","3,137.91","3,175.66","3,192.25","3,128.78","2.17M","-0.58%"
"04-07-2022","3,156.20","3,231.27","3,237.08","3,146.44","2.62M","-2.41%"
"01-07-2022","3,234.30","3,180.54","3,251.76","3,172.78","1.50M","1.47%"
"30-06-2022","3,187.47","3,192.25","3,230.20","3,175.66","2.72M","-0.71%"
"29-06-2022","3,210.30","3,191.27","3,251.76","3,191.27","2.13M","-0.83%"
"28-06-2022","3,237.27","3,226.39","3,248.83","3,192.83","1.40M","0.10%"
"27-06-2022","3,233.91","3,268.35","3,280.93","3,225.91","2.04M","0.66%"
"24-06-2022","3,212.83","3,257.61","3,263.47","3,197.61","2.13M","-0.47%"
"23-06-2022","3,228.15","3,144.39","3,237.13","3,144.39","3.69M","2.66%"
"22-06-2022","3,144.39","3,121.90","3,171.32","3,105.42","3.34M","0.34%"
"21-06-2022","3,133.66","3,053.71","3,158.83","3,049.22","2.96M","0.68%"
"20-06-2022","3,112.40","3,094.00","3,138.75","3,069.00","1.50M","0.76%"
"17-06-2022","3,088.90","3,092.00","3,118.75","3,023.85","5.24M","-1.69%"
"16-06-2022","3,142.00","3,240.00","3,244.85","3,133.05","2.03M","-2.01%"
"15-06-2022","3,206.30","3,218.50","3,234.00","3,201.00","1.40M","-0.13%"
"14-06-2022","3,210.55","3,190.00","3,238.90","3,174.70","2.61M","-0.28%"
"13-06-2022","3,219.60","3,290.00","3,293.00","3,192.45","3.03M","-4.18%"
"10-06-2022","3,359.90","3,382.00","3,393.00","3,352.00","1.53M","-1.96%"
"09-06-2022","3,427.10","3,385.00","3,437.00","3,353.10","1.28M","0.67%"
"08-06-2022","3,404.15","3,380.15","3,413.95","3,346.50","2.19M","1.23%"
"07-06-2022","3,362.70","3,401.05","3,418.85","3,356.00","2.31M","-1.99%"
"06-06-2022","3,430.95","3,418.00","3,453.00","3,377.15","1.08M","-0.27%"
"03-06-2022","3,440.15","3,459.40","3,477.30","3,431.20","1.91M","0.50%"
"02-06-2022","3,423.00","3,355.00","3,432.00","3,346.30","2.66M","2.02%"
"01-06-2022","3,355.20","3,388.00","3,388.00","3,340.05","1.49M","-0.27%"
"31-05-2022","3,364.35","3,354.15","3,383.40","3,325.00","4.84M","-0.32%"
"30-05-2022","3,375.25","3,297.00","3,386.60","3,286.35","2.09M","3.49%"
"27-05-2022","3,261.30","3,253.20","3,278.90","3,229.20","3.10M","1.06%"
"26-05-2022","3,226.95","3,191.00","3,241.50","3,180.55","2.81M","1.87%"
"25-05-2022","3,167.65","3,292.85","3,292.85","3,154.05","3.55M","-3.66%"
"24-05-2022","3,288.00","3,315.15","3,324.85","3,275.60","1.71M","-1.02%"
"23-05-2022","3,321.75","3,304.80","3,338.90","3,267.00","2.29M","0.87%"
"20-05-2022","3,293.00","3,310.00","3,313.90","3,270.05","3.07M","0.95%"
"19-05-2022","3,261.95","3,397.00","3,405.00","3,230.00","4.64M","-5.42%"
"18-05-2022","3,448.80","3,465.00","3,495.00","3,443.05","1.87M","-0.08%"
"17-05-2022","3,451.60","3,370.00","3,467.00","3,350.40","1.75M","2.22%"
"16-05-2022","3,376.80","3,415.00","3,430.00","3,366.60","1.20M","-1.12%"
"13-05-2022","3,414.90","3,435.00","3,439.90","3,382.15","2.19M","0.18%"
"12-05-2022","3,408.65","3,378.00","3,449.70","3,350.10","2.81M","-0.10%"
"11-05-2022","3,412.00","3,435.00","3,448.45","3,382.15","1.84M","-0.78%"
"10-05-2022","3,438.75","3,434.00","3,464.80","3,422.00","1.62M","-0.18%"
"09-05-2022","3,445.10","3,398.00","3,456.00","3,346.85","2.48M","0.36%"
"06-05-2022","3,432.60","3,459.00","3,474.50","3,424.50","2.01M","-2.30%"
"05-05-2022","3,513.40","3,512.10","3,533.00","3,485.35","1.61M","0.97%"
"04-05-2022","3,479.75","3,538.50","3,545.45","3,465.30","2.31M","-1.77%"
"02-05-2022","3,542.40","3,519.90","3,547.95","3,492.75","1.32M","-0.12%"
"29-04-2022","3,546.70","3,597.00","3,623.25","3,536.85","2.05M","-1.05%"
"28-04-2022","3,584.30","3,588.00","3,604.40","3,538.05","1.70M","0.65%"
"27-04-2022","3,561.20","3,546.00","3,568.45","3,506.30","1.73M","0.42%"
"26-04-2022","3,546.30","3,575.15","3,587.90","3,518.15","1.94M","-0.05%"
"25-04-2022","3,548.20","3,558.00","3,584.00","3,533.10","1.96M","-1.78%"
"22-04-2022","3,612.55","3,581.10","3,617.00","3,571.50","1.58M","-0.44%"
"21-04-2022","3,628.65","3,580.00","3,644.00","3,567.40","2.28M","2.02%"
"20-04-2022","3,556.80","3,500.00","3,569.15","3,480.00","2.64M","2.45%"
"19-04-2022","3,471.90","3,550.00","3,563.55","3,439.15","3.17M","-1.59%"
"18-04-2022","3,528.05","3,610.00","3,610.00","3,522.50","3.82M","-3.66%"
"13-04-2022","3,661.95","3,707.00","3,709.85","3,655.55","1.62M","-0.79%"
"12-04-2022","3,691.10","3,683.00","3,739.00","3,648.35","4.48M","-0.14%"
"11-04-2022","3,696.40","3,690.00","3,712.35","3,656.10","2.29M","0.29%"
"08-04-2022","3,685.65","3,690.00","3,705.00","3,642.50","2.30M","0.04%"
"07-04-2022","3,684.15","3,745.50","3,745.50","3,679.00","2.49M","-1.90%"
"06-04-2022","3,755.35","3,809.30","3,809.30","3,731.15","2.05M","-1.56%"
"05-04-2022","3,814.80","3,772.00","3,835.60","3,772.00","2.31M","1.18%"
"04-04-2022","3,770.35","3,762.00","3,780.00","3,737.10","1.47M","0.31%"
"01-04-2022","3,758.75","3,748.00","3,763.00","3,728.05","1.39M","0.50%"
"31-03-2022","3,739.95","3,740.00","3,754.65","3,720.20","2.17M","0.23%"
"30-03-2022","3,731.55","3,738.00","3,738.00","3,706.20","1.58M","0.71%"
"29-03-2022","3,705.35","3,694.75","3,722.00","3,691.00","2.69M","-0.06%"
"28-03-2022","3,707.70","3,695.00","3,713.00","3,661.20","1.76M","0.01%"
"25-03-2022","3,707.45","3,759.90","3,779.50","3,672.00","1.69M","-1.13%"
"24-03-2022","3,749.85","3,700.00","3,758.20","3,695.00","1.88M","1.01%"
"23-03-2022","3,712.40","3,708.00","3,729.80","3,690.00","1.60M","0.31%"
"22-03-2022","3,700.95","3,640.00","3,711.00","3,625.00","2.91M","2.05%"
"21-03-2022","3,626.70","3,696.00","3,713.95","3,615.00","2.41M","-1.25%"
"17-03-2022","3,672.75","3,696.60","3,710.00","3,660.30","3.60M","0.46%"
"16-03-2022","3,655.90","3,640.50","3,668.00","3,616.25","3.09M","1.73%"
"15-03-2022","3,593.90","3,659.00","3,659.00","3,585.40","3.65M","-1.35%"
"14-03-2022","3,643.00","3,580.00","3,648.35","3,580.00","1.77M","1.22%"
"11-03-2022","3,599.15","3,603.25","3,639.85","3,592.85","1.62M","-0.60%"
"10-03-2022","3,620.95","3,684.00","3,684.00","3,615.00","2.01M","-0.32%"
"09-03-2022","3,632.60","3,605.00","3,654.00","3,597.05","2.72M","0.91%"
"08-03-2022","3,599.95","3,460.00","3,609.00","3,460.00","3.30M","3.30%"
"07-03-2022","3,484.90","3,450.00","3,548.00","3,431.55","3.05M","-1.12%"
"04-03-2022","3,524.35","3,501.50","3,561.20","3,487.05","2.37M","-0.57%"
"03-03-2022","3,544.40","3,562.85","3,578.60","3,530.10","1.93M","-0.05%"
"02-03-2022","3,546.15","3,552.50","3,571.95","3,506.00","2.76M","-0.23%"
"28-02-2022","3,554.20","3,490.00","3,563.75","3,455.90","3.29M","0.95%"
"25-02-2022","3,520.75","3,468.00","3,530.00","3,462.00","2.55M","3.50%"
"24-02-2022","3,401.65","3,474.00","3,483.85","3,391.10","5.04M","-4.55%"
"23-02-2022","3,563.80","3,611.00","3,622.90","3,555.65","2.43M","-0.63%"
"22-02-2022","3,586.40","3,650.00","3,667.90","3,570.00","5.41M","-3.58%"
"21-02-2022","3,719.40","3,810.00","3,827.80","3,705.55","7.47M","-1.96%"
"18-02-2022","3,793.90","3,769.00","3,815.95","3,757.60","3.69M","0.26%"
"17-02-2022","3,784.20","3,825.00","3,835.00","3,779.00","3.13M","-0.76%"
"16-02-2022","3,813.10","3,844.00","3,854.10","3,806.00","3.26M","-0.12%"
"15-02-2022","3,817.80","3,786.00","3,835.00","3,748.00","3.93M","2.25%"
"14-02-2022","3,733.75","3,724.00","3,793.25","3,710.00","5.95M","1.05%"
"11-02-2022","3,694.95","3,752.50","3,752.50","3,690.00","3.85M","-2.00%"
"10-02-2022","3,770.35","3,789.80","3,789.80","3,758.00","2.11M","0.26%"
"09-02-2022","3,760.55","3,750.00","3,777.95","3,746.10","1.64M","0.46%"
"08-02-2022","3,743.45","3,791.55","3,799.70","3,721.00","2.95M","-0.94%"
"07-02-2022","3,779.00","3,791.00","3,831.80","3,756.15","1.92M","-0.94%"
"04-02-2022","3,814.90","3,815.30","3,824.70","3,769.00","2.31M","-0.25%"
"03-02-2022","3,824.60","3,851.00","3,882.50","3,816.05","1.96M","-0.82%"
"02-02-2022","3,856.20","3,827.90","3,864.00","3,800.65","1.98M","1.46%"
"01-02-2022","3,800.65","3,770.00","3,808.00","3,736.40","2.11M","1.72%"
"31-01-2022","3,736.25","3,749.00","3,758.00","3,721.40","2.74M","1.25%"
"28-01-2022","3,690.05","3,646.00","3,729.80","3,646.00","3.14M","1.12%"
"27-01-2022","3,649.25","3,731.00","3,733.40","3,625.10","5.72M","-3.20%"
"25-01-2022","3,769.90","3,769.50","3,809.40","3,722.20","3.33M","-0.04%"
"24-01-2022","3,771.35","3,840.00","3,849.65","3,740.10","3.26M","-1.62%"
"21-01-2022","3,833.50","3,807.00","3,851.55","3,771.10","3.11M","0.18%"
"20-01-2022","3,826.55","3,910.00","3,920.00","3,811.00","6.18M","-2.25%"
"19-01-2022","3,914.65","4,012.00","4,012.00","3,910.50","3.10M","-1.90%"
"18-01-2022","3,990.60","4,033.95","4,041.70","3,980.00","2.39M","-0.71%"
"17-01-2022","4,019.15","3,992.70","4,043.00","3,962.30","3.44M","1.29%"
"14-01-2022","3,968.15","3,877.85","3,977.00","3,860.05","3.35M","1.80%"
"13-01-2022","3,897.90","3,918.00","3,923.00","3,857.00","6.68M","0.98%"
"12-01-2022","3,859.90","3,925.00","3,929.00","3,836.55","3.20M","-1.43%"
"11-01-2022","3,915.90","3,856.00","3,925.00","3,856.00","1.91M","0.93%"
"10-01-2022","3,879.85","3,978.00","3,978.00","3,861.00","3.94M","0.68%"
"07-01-2022","3,853.50","3,820.00","3,864.90","3,796.40","2.46M","1.21%"
"06-01-2022","3,807.45","3,812.00","3,835.00","3,772.00","1.81M","-1.39%"
"05-01-2022","3,860.95","3,865.00","3,870.00","3,812.40","1.73M","-0.61%"
"04-01-2022","3,884.75","3,831.10","3,889.15","3,811.70","2.49M","1.75%"
"03-01-2022","3,817.75","3,750.00","3,830.00","3,745.00","2.35M","2.12%"
"31-12-2021","3,738.35","3,742.80","3,760.00","3,731.30","1.21M","0.12%"
"30-12-2021","3,733.75","3,681.35","3,740.00","3,680.00","1.97M","1.06%"
"29-12-2021","3,694.70","3,692.25","3,719.95","3,685.00","1.46M","-0.32%"
"28-12-2021","3,706.55","3,710.00","3,725.00","3,693.85","1.46M","0.28%"
"27-12-2021","3,696.10","3,671.00","3,700.00","3,653.10","1.53M","0.69%"
"24-12-2021","3,670.90","3,685.00","3,705.00","3,644.80","2.21M","0.22%"
"23-12-2021","3,662.70","3,648.00","3,670.50","3,630.00","1.79M","0.88%"
"22-12-2021","3,630.75","3,624.00","3,636.80","3,606.25","1.22M","0.62%"
"21-12-2021","3,608.30","3,582.65","3,641.20","3,566.40","2.34M","1.45%"
"20-12-2021","3,556.90","3,589.00","3,606.00","3,510.15","2.31M","-0.77%"
"17-12-2021","3,584.35","3,602.50","3,651.35","3,573.70","4.33M","0.08%"
"16-12-2021","3,581.60","3,582.00","3,608.45","3,570.00","2.07M","0.32%"
"15-12-2021","3,570.35","3,620.00","3,623.00","3,558.15","1.60M","-1.47%"
"14-12-2021","3,623.80","3,605.00","3,635.00","3,576.70","1.75M","0.39%"
"13-12-2021","3,609.65","3,650.00","3,662.00","3,601.70","1.88M","-0.75%"
"10-12-2021","3,636.80","3,585.00","3,642.00","3,575.10","1.51M","0.97%"
"09-12-2021","3,601.75","3,610.00","3,634.75","3,566.00","1.57M","-0.69%"
"08-12-2021","3,626.90","3,601.00","3,646.45","3,601.00","1.43M","1.18%"
"07-12-2021","3,584.50","3,562.50","3,598.00","3,524.30","1.48M","1.36%"
"06-12-2021","3,536.40","3,640.45","3,658.00","3,522.00","1.85M","-2.86%"
"03-12-2021","3,640.45","3,646.45","3,665.95","3,630.85","2.49M","-0.07%"
"02-12-2021","3,642.90","3,589.20","3,648.00","3,574.10","3.15M","1.82%"
"01-12-2021","3,577.80","3,535.00","3,590.00","3,535.00","2.10M","1.38%"
"30-11-2021","3,529.15","3,491.00","3,563.75","3,491.00","5.59M","0.78%"
"29-11-2021","3,502.00","3,447.15","3,529.35","3,406.45","2.98M","1.60%"
"26-11-2021","3,446.85","3,425.00","3,490.00","3,411.90","1.94M","0.03%"
"25-11-2021","3,445.90","3,443.90","3,463.00","3,434.05","1.85M","0.08%"
"24-11-2021","3,443.30","3,472.20","3,493.05","3,424.00","2.16M","-0.60%"
"23-11-2021","3,464.25","3,445.00","3,480.95","3,407.80","2.15M","0.17%"
"22-11-2021","3,458.40","3,478.40","3,515.95","3,440.30","3.17M","-0.50%"
"18-11-2021","3,475.70","3,515.15","3,520.85","3,451.60","2.14M","-1.31%"
"17-11-2021","3,521.90","3,550.60","3,562.85","3,506.40","1.63M","-0.97%"
"16-11-2021","3,556.40","3,569.00","3,575.55","3,542.00","2.01M","0.09%"
"15-11-2021","3,553.30","3,528.00","3,569.60","3,528.00","1.81M","0.77%"
"12-11-2021","3,526.05","3,506.00","3,534.15","3,485.70","1.75M","1.09%"
"11-11-2021","3,488.20","3,480.00","3,510.05","3,436.00","1.28M","0.11%"
"10-11-2021","3,484.30","3,498.00","3,519.70","3,480.20","1.52M","-0.61%"
"09-11-2021","3,505.70","3,508.00","3,535.00","3,496.00","1.78M","0.08%"
"08-11-2021","3,502.75","3,548.00","3,548.00","3,481.20","2.53M","-0.17%"
"04-11-2021","3,508.65","3,512.95","3,513.25","3,505.00","328.99K","0.47%"
"03-11-2021","3,492.25","3,504.20","3,519.90","3,466.05","1.54M","0.23%"
"02-11-2021","3,484.20","3,494.00","3,513.60","3,469.75","3.09M","0.22%"
"01-11-2021","3,476.40","3,437.95","3,487.00","3,412.95","2.02M","2.31%"
"29-10-2021","3,397.75","3,400.05","3,461.00","3,385.95","3.96M","-0.70%"
"28-10-2021","3,421.65","3,518.00","3,518.00","3,415.00","2.42M","-1.95%"
"27-10-2021","3,489.75","3,483.00","3,511.25","3,483.00","2.51M","0.21%"
"26-10-2021","3,482.60","3,494.50","3,529.00","3,475.00","3.88M","-0.30%"
"25-10-2021","3,492.95","3,503.00","3,514.55","3,450.00","2.60M","-0.17%"
"22-10-2021","3,498.85","3,560.00","3,561.60","3,485.00","2.69M","-0.95%"
"21-10-2021","3,532.50","3,604.10","3,607.45","3,511.25","4.87M","-2.12%"
"20-10-2021","3,608.85","3,612.00","3,630.00","3,578.30","2.93M","-0.70%"
"19-10-2021","3,634.15","3,669.00","3,690.10","3,625.20","3.14M","-0.36%"
"18-10-2021","3,647.15","3,603.45","3,652.70","3,601.45","3.59M","0.99%"
"14-10-2021","3,611.45","3,625.00","3,670.00","3,608.20","6.44M","-1.20%"
"13-10-2021","3,655.20","3,650.00","3,675.45","3,645.00","3.55M","0.06%"
"12-10-2021","3,652.85","3,706.00","3,707.00","3,630.60","5.75M","-0.89%"
"11-10-2021","3,685.60","3,755.00","3,757.50","3,660.00","11.85M","-6.35%"
"08-10-2021","3,935.65","3,925.00","3,989.90","3,900.00","2.93M","1.10%"
"07-10-2021","3,892.90","3,830.00","3,899.00","3,820.05","1.65M","2.15%"
"06-10-2021","3,810.90","3,836.00","3,857.45","3,795.00","1.68M","-0.58%"
"05-10-2021","3,833.30","3,754.00","3,840.00","3,741.60","1.88M","1.59%"
"04-10-2021","3,773.30","3,724.80","3,783.65","3,707.45","1.36M","1.16%"
"01-10-2021","3,730.20","3,781.75","3,810.00","3,725.00","1.58M","-1.20%"
"30-09-2021","3,775.55","3,805.00","3,805.00","3,750.10","2.25M","-0.43%"
"29-09-2021","3,791.90","3,759.80","3,806.00","3,722.15","2.49M","0.34%"
"28-09-2021","3,779.15","3,850.00","3,850.00","3,751.25","2.25M","-1.51%"
"27-09-2021","3,836.95","3,900.00","3,904.00","3,802.90","1.67M","-0.89%"
"24-09-2021","3,871.30","3,890.00","3,944.40","3,855.00","2.32M","0.05%"
"23-09-2021","3,869.25","3,870.00","3,879.00","3,835.00","2.00M","0.18%"
"22-09-2021","3,862.15","3,862.50","3,896.85","3,852.45","1.74M","-0.02%"
"21-09-2021","3,862.95","3,858.00","3,871.55","3,821.65","1.57M","1.03%"
"20-09-2021","3,823.50","3,809.00","3,871.00","3,807.85","2.00M","-0.11%"
"17-09-2021","3,827.85","3,920.00","3,945.00","3,805.00","6.48M","-1.93%"
"16-09-2021","3,903.30","3,930.00","3,981.75","3,892.10","2.95M","-1.30%"
"15-09-2021","3,954.55","3,882.10","3,980.00","3,866.00","2.46M","1.77%"
"14-09-2021","3,885.90","3,849.95","3,896.50","3,825.00","1.99M","1.05%"
"13-09-2021","3,845.35","3,767.00","3,852.40","3,767.00","1.69M","1.42%"
"09-09-2021","3,791.40","3,789.70","3,808.70","3,765.00","1.44M","0.46%"
"08-09-2021","3,774.15","3,810.00","3,815.00","3,756.00","4.15M","-1.09%"
"07-09-2021","3,815.90","3,864.00","3,869.95","3,808.25","1.59M","-0.94%"
"06-09-2021","3,852.00","3,849.70","3,877.60","3,814.00","1.72M","0.26%"
"03-09-2021","3,842.05","3,825.00","3,856.90","3,804.55","1.75M","0.14%"
"02-09-2021","3,836.75","3,734.00","3,859.15","3,722.00","3.40M","3.28%"
"01-09-2021","3,714.95","3,796.00","3,816.70","3,707.00","2.64M","-1.89%"
"31-08-2021","3,786.45","3,709.40","3,804.10","3,703.45","3.21M","2.30%"
"30-08-2021","3,701.30","3,715.00","3,740.35","3,687.60","2.03M","-0.51%"
"27-08-2021","3,720.15","3,666.00","3,729.50","3,651.10","3.94M","1.32%"
"26-08-2021","3,671.85","3,660.00","3,687.60","3,647.90","1.90M","0.35%"
"25-08-2021","3,659.00","3,610.00","3,697.75","3,607.05","2.12M","1.27%"
"24-08-2021","3,613.20","3,657.00","3,667.35","3,594.40","2.51M","-0.67%"
"23-08-2021","3,637.40","3,580.00","3,673.00","3,561.90","3.74M","2.19%"
"20-08-2021","3,559.50","3,506.00","3,575.00","3,500.00","2.84M","-0.03%"
"18-08-2021","3,560.55","3,573.85","3,595.00","3,536.60","2.63M","0.21%"
"17-08-2021","3,553.05","3,482.10","3,560.80","3,463.00","4.34M","2.31%"
"16-08-2021","3,472.95","3,460.00","3,494.35","3,436.50","2.08M","0.28%"
"13-08-2021","3,463.40","3,360.75","3,480.00","3,357.50","4.36M","3.33%"
"12-08-2021","3,351.75","3,326.00","3,368.00","3,326.00","1.31M","0.23%"
"11-08-2021","3,344.20","3,350.00","3,360.00","3,327.10","1.93M","0.31%"
"10-08-2021","3,333.90","3,315.60","3,349.90","3,315.60","2.04M","0.34%"
"09-08-2021","3,322.70","3,323.90","3,337.00","3,310.00","1.51M","0.39%"
"06-08-2021","3,309.80","3,272.55","3,324.00","3,265.00","2.29M","0.79%"
"05-08-2021","3,283.95","3,275.00","3,315.00","3,262.50","2.53M","0.31%"
"04-08-2021","3,273.95","3,300.00","3,305.20","3,261.20","2.93M","-0.33%"
"03-08-2021","3,284.90","3,229.00","3,290.00","3,218.95","3.80M","2.03%"
"02-08-2021","3,219.40","3,180.00","3,224.90","3,167.00","2.61M","1.64%"
"30-07-2021","3,167.45","3,219.00","3,223.50","3,162.35","3.00M","-0.89%"
"29-07-2021","3,195.80","3,200.25","3,225.45","3,190.30","1.73M","-0.06%"
"28-07-2021","3,197.80","3,188.00","3,204.45","3,132.40","1.66M","0.47%"
"27-07-2021","3,182.95","3,200.00","3,210.00","3,161.15","1.12M","-0.46%"
"26-07-2021","3,197.55","3,200.00","3,224.25","3,190.85","1.26M","-0.48%"
"23-07-2021","3,212.85","3,230.00","3,241.55","3,206.65","1.78M","-0.11%"
"22-07-2021","3,216.35","3,190.00","3,224.95","3,190.00","2.86M","0.33%"
"20-07-2021","3,205.80","3,184.60","3,215.00","3,156.15","1.81M","0.67%"
"19-07-2021","3,184.60","3,180.00","3,199.80","3,176.00","1.60M","-0.32%"
"16-07-2021","3,194.80","3,213.00","3,219.85","3,192.00","1.26M","-0.25%"
"15-07-2021","3,202.95","3,227.60","3,231.85","3,194.00","2.23M","-0.36%"
"14-07-2021","3,214.55","3,187.00","3,222.00","3,185.00","2.04M","0.85%"
"13-07-2021","3,187.55","3,214.00","3,214.00","3,175.00","1.81M","-0.17%"
"12-07-2021","3,193.10","3,235.00","3,236.00","3,188.35","1.89M","-0.47%"
"09-07-2021","3,208.15","3,250.00","3,282.00","3,201.00","6.37M","-1.55%"
"08-07-2021","3,258.50","3,298.00","3,298.00","3,231.90","2.49M","-0.50%"
"07-07-2021","3,274.95","3,275.00","3,282.70","3,241.60","2.64M","0.39%"
"06-07-2021","3,262.30","3,313.00","3,328.00","3,256.10","2.16M","-1.77%"
"05-07-2021","3,321.00","3,342.00","3,374.00","3,302.00","1.97M","-0.13%"
"02-07-2021","3,325.45","3,331.00","3,339.70","3,295.20","1.68M","-0.48%"
"01-07-2021","3,341.50","3,358.00","3,362.00","3,332.35","990.31K","-0.13%"
"30-06-2021","3,345.75","3,346.00","3,382.00","3,338.50","1.69M","0.15%"
"29-06-2021","3,340.85","3,342.00","3,366.30","3,326.50","1.50M","0.12%"
"28-06-2021","3,336.75","3,391.50","3,391.50","3,333.00","1.36M","-1.30%"
"25-06-2021","3,380.80","3,375.25","3,399.65","3,350.00","2.72M","0.21%"
"24-06-2021","3,373.60","3,284.00","3,383.00","3,278.50","4.16M","3.44%"
"23-06-2021","3,261.40","3,329.00","3,329.00","3,256.40","1.47M","-1.21%"
"22-06-2021","3,301.20","3,304.00","3,327.05","3,285.00","1.71M","0.86%"
"21-06-2021","3,273.10","3,265.00","3,286.00","3,251.70","1.13M","-0.73%"
"18-06-2021","3,297.30","3,350.90","3,358.00","3,275.00","3.38M","-0.62%"
"17-06-2021","3,317.75","3,265.50","3,336.05","3,260.00","2.27M","1.33%"
"16-06-2021","3,274.35","3,262.10","3,294.70","3,253.00","1.64M","0.36%"
"15-06-2021","3,262.75","3,298.00","3,298.00","3,251.55","1.30M","-0.42%"
"14-06-2021","3,276.35","3,279.00","3,308.70","3,270.35","1.85M","0.08%"
"11-06-2021","3,273.80","3,211.55","3,309.00","3,211.00","3.45M","1.77%"
"10-06-2021","3,216.80","3,210.00","3,224.00","3,193.00","1.87M","0.52%"
"09-06-2021","3,200.25","3,202.00","3,220.00","3,186.20","1.71M","0.00%"
"08-06-2021","3,200.15","3,198.00","3,231.00","3,187.20","2.57M","0.53%"
"07-06-2021","3,183.20","3,145.00","3,190.45","3,133.60","2.56M","1.25%"
"04-06-2021","3,143.75","3,128.00","3,156.85","3,125.00","1.84M","0.08%"
"03-06-2021","3,141.25","3,154.55","3,154.55","3,122.65","1.28M","0.38%"
"02-06-2021","3,129.45","3,150.85","3,159.45","3,115.00","2.24M","-0.75%"
"01-06-2021","3,153.00","3,168.60","3,169.95","3,132.00","1.38M","-0.19%"
"31-05-2021","3,159.15","3,150.00","3,170.35","3,128.60","1.65M","0.49%"
"28-05-2021","3,143.60","3,189.50","3,198.00","3,135.65","1.76M","-1.14%"
"27-05-2021","3,180.00","3,161.95","3,217.75","3,161.80","5.96M","0.68%"
"26-05-2021","3,158.50","3,120.00","3,165.00","3,103.80","1.92M","1.43%"
"25-05-2021","3,114.00","3,092.00","3,128.25","3,082.10","1.84M","1.05%"
"24-05-2021","3,081.50","3,081.50","3,105.00","3,072.00","1.65M","0.03%"
"21-05-2021","3,080.50","3,061.00","3,088.20","3,055.10","1.69M","0.67%"
"20-05-2021","3,060.00","3,067.10","3,088.80","3,052.10","2.33M","-0.71%"
"19-05-2021","3,082.00","3,084.00","3,118.00","3,067.10","1.99M","-0.22%"
"18-05-2021","3,088.80","3,100.00","3,124.00","3,078.00","2.10M","0.62%"
"17-05-2021","3,069.75","3,055.00","3,075.20","3,036.00","2.89M","0.60%"
"14-05-2021","3,051.50","3,098.50","3,098.50","3,040.00","2.04M","-1.17%"
"12-05-2021","3,087.60","3,120.00","3,120.00","3,070.60","1.98M","-1.12%"
"11-05-2021","3,122.60","3,125.00","3,128.10","3,091.15","2.42M","-0.73%"
"10-05-2021","3,145.50","3,145.95","3,164.20","3,125.00","2.14M","0.40%"
"07-05-2021","3,132.90","3,133.00","3,159.85","3,111.80","1.91M","0.69%"
"06-05-2021","3,111.45","3,105.50","3,134.00","3,074.00","1.79M","0.51%"
"05-05-2021","3,095.70","3,070.00","3,099.40","3,052.40","1.94M","1.51%"
"04-05-2021","3,049.75","3,062.80","3,090.00","3,035.00","1.99M","0.42%"
"03-05-2021","3,037.00","3,024.90","3,055.00","3,004.00","1.55M","0.04%"
"30-04-2021","3,035.65","3,099.00","3,132.05","3,020.00","3.07M","-2.56%"
"29-04-2021","3,115.25","3,145.60","3,157.35","3,105.50","1.62M","-0.28%"
"28-04-2021","3,124.10","3,149.95","3,151.00","3,112.00","1.64M","-0.25%"
"27-04-2021","3,132.00","3,106.00","3,136.10","3,103.00","1.47M","1.01%"
"26-04-2021","3,100.80","3,102.05","3,153.00","3,088.05","2.49M","-0.28%"
"23-04-2021","3,109.50","3,105.00","3,119.00","3,091.05","1.62M","-0.30%"
"22-04-2021","3,118.80","3,148.00","3,148.00","3,105.25","1.99M","-0.82%"
"20-04-2021","3,144.55","3,225.00","3,225.35","3,126.35","3.14M","-0.55%"
"19-04-2021","3,161.80","3,169.00","3,189.00","3,135.10","2.68M","-1.04%"
"16-04-2021","3,195.15","3,229.00","3,247.00","3,182.60","3.22M","-0.74%"
"15-04-2021","3,218.95","3,160.30","3,237.25","3,087.45","6.06M","3.70%"
"13-04-2021","3,104.05","3,214.00","3,214.00","3,073.05","8.65M","-4.39%"
"12-04-2021","3,246.55","3,322.25","3,338.10","3,213.20","3.79M","-2.28%"
"09-04-2021","3,322.25","3,354.00","3,354.35","3,308.00","2.91M","0.15%"
"08-04-2021","3,317.35","3,270.00","3,335.00","3,266.05","2.58M","1.40%"
"07-04-2021","3,271.40","3,259.00","3,277.55","3,234.80","2.49M","0.21%"
"06-04-2021","3,264.70","3,275.00","3,275.00","3,230.00","2.29M","0.80%"
"05-04-2021","3,238.90","3,171.00","3,263.00","3,151.00","5.32M","2.33%"
"01-04-2021","3,165.00","3,191.10","3,215.00","3,145.00","4.29M","-0.40%"
"31-03-2021","3,177.85","3,155.00","3,205.00","3,132.00","3.53M","0.61%"
"30-03-2021","3,158.55","3,083.00","3,188.45","3,060.90","4.69M","2.99%"
"26-03-2021","3,066.80","3,090.65","3,118.00","3,043.05","3.70M","0.06%"
"25-03-2021","3,064.85","3,112.20","3,130.85","3,050.00","3.18M","-1.80%"
"24-03-2021","3,121.10","3,111.20","3,152.30","3,111.15","2.21M","-0.68%"
"23-03-2021","3,142.60","3,140.00","3,169.00","3,122.85","3.31M","0.41%"
"22-03-2021","3,129.65","3,048.70","3,139.45","3,018.65","2.82M","2.60%"
"19-03-2021","3,050.20","3,030.00","3,099.00","3,005.00","5.78M","0.45%"
"18-03-2021","3,036.50","3,125.95","3,146.45","2,987.05","3.66M","-2.46%"
"17-03-2021","3,112.95","3,105.00","3,155.00","3,085.30","3.84M","0.09%"
"16-03-2021","3,110.05","3,060.00","3,141.00","3,060.00","4.89M","1.43%"
"15-03-2021","3,066.15","3,041.00","3,099.00","3,041.00","3.10M","0.27%"
"12-03-2021","3,057.95","3,075.00","3,117.00","3,041.35","2.94M","-0.42%"
"10-03-2021","3,070.95","3,075.00","3,093.20","3,060.00","3.05M","0.66%"
"09-03-2021","3,050.95","3,006.95","3,066.90","2,992.10","1.94M","1.46%"
"08-03-2021","3,006.95","3,016.00","3,033.00","2,996.00","2.00M","-0.04%"
"05-03-2021","3,008.05","3,016.10","3,063.20","2,996.60","3.20M","-1.37%"
"04-03-2021","3,049.70","3,023.00","3,081.45","3,016.05","3.92M","-0.31%"
"03-03-2021","3,059.10","3,035.00","3,064.00","2,996.90","3.51M","1.75%"
"02-03-2021","3,006.35","2,960.00","3,025.00","2,948.00","3.31M","2.81%"
"01-03-2021","2,924.20","2,926.00","2,965.00","2,901.80","3.27M","1.03%"
"26-02-2021","2,894.30","2,960.00","2,972.35","2,880.00","5.55M","-3.37%"
"25-02-2021","2,995.30","2,974.00","3,029.90","2,968.45","4.22M","1.60%"
"24-02-2021","2,948.10","2,972.00","3,003.35","2,921.15","3.77M","-1.08%"
"23-02-2021","2,980.20","2,970.00","3,028.00","2,968.00","3.83M","0.74%"